5000fc14-3f4e-11e2-9ad7-00219b85c366	5cb9c60c-0c04-11e2-9b44-00219b85c366	6	1	http://douglasadams.com/	1	0	10
50029844-3f4e-11e2-9ad7-00219b85c366	5cb9cb66-0c04-11e2-9b44-00219b85c366	9	1002	http://en.wikipedia.org/wiki/14th_Dalai_Lama	2	0	1
50042dbc-3f4e-11e2-9ad7-00219b85c366	5cb9cb66-0c04-11e2-9b44-00219b85c366	6	1006	http://nobelprize.org/nobel_prizes/peace/laureates/1989/lama-bio.html	6	0	1
50108bca-3f4e-11e2-9ad7-00219b85c366	5cb9bfc2-0c04-11e2-9b44-00219b85c366	9	101	http://en.wikipedia.org/wiki/Jack_Kevorkian	1	0	11
50122b92-3f4e-11e2-9ad7-00219b85c366	5cb9cb66-0c04-11e2-9b44-00219b85c366	6	1012	http://www.katinkahesselink.net/other/c/c_dalai.html	12	0	1
50137d6c-3f4e-11e2-9ad7-00219b85c366	5cb9cb66-0c04-11e2-9b44-00219b85c366	1	1019	http://www.namgyal.org/about/hhdl.cfm	19	0	1
5014d36a-3f4e-11e2-9ad7-00219b85c366	5cb9cb66-0c04-11e2-9b44-00219b85c366	1	1042	http://www.dalailamainaustralia.org/	42	0	1
501d590e-3f4e-11e2-9ad7-00219b85c366	5cb9cb66-0c04-11e2-9b44-00219b85c366	7	1044	http://www.1000ventures.com/business_guide/crosscuttings/cultures_buddhism_dalai_lama.html	44	0	1
501f15d2-3f4e-11e2-9ad7-00219b85c366	5cb9cb66-0c04-11e2-9b44-00219b85c366	1	1064	http://www.bbc.co.uk/religion/religions/buddhism/people/dalailama_1.shtml	64	0	1
5020795e-3f4e-11e2-9ad7-00219b85c366	5cb9cb66-0c04-11e2-9b44-00219b85c366	1	1065	http://www.moreorless.au.com/heroes/dalai.html	65	0	1
5021cfe8-3f4e-11e2-9ad7-00219b85c366	5cb9cb66-0c04-11e2-9b44-00219b85c366	1	1083	http://almaz.com/nobel/peace/1989a.html	83	0	1
502e8d3c-3f4e-11e2-9ad7-00219b85c366	5cb9cb66-0c04-11e2-9b44-00219b85c366	1	1097	http://www.onelittleangel.com/wisdom/quotes/dalai_lama.asp	97	0	1
50301fda-3f4e-11e2-9ad7-00219b85c366	5cb9c04e-0c04-11e2-9b44-00219b85c366	9	1126	http://en.wikipedia.org/wiki/Sunday_Night_Show	26	0	20
50318398-3f4e-11e2-9ad7-00219b85c366	5cb9bf4a-0c04-11e2-9b44-00219b85c366	6	1207	http://uncyclopedia.wikia.com/wiki/Ian_Paisley	7	0	21
5032e15c-3f4e-11e2-9ad7-00219b85c366	5cb9bf4a-0c04-11e2-9b44-00219b85c366	9	1224	http://en.wikipedia.org/wiki/Ian_Paisley,_Jr.	24	0	21
503df3d0-3f4e-11e2-9ad7-00219b85c366	5cb9c756-0c04-11e2-9b44-00219b85c366	9	1303	http://en.wikipedia.org/wiki/Issels_treatment	3	0	22
503fbf08-3f4e-11e2-9ad7-00219b85c366	5cb9c756-0c04-11e2-9b44-00219b85c366	6	1305	http://www.cancer.gov/cancertopics/factsheet/Therapy/hyperthermia	5	0	22
50411e98-3f4e-11e2-9ad7-00219b85c366	5cb9c756-0c04-11e2-9b44-00219b85c366	6	1314	http://www.cancure.org/issels_therapy.htm	14	0	22
504281d4-3f4e-11e2-9ad7-00219b85c366	5cb9c756-0c04-11e2-9b44-00219b85c366	9	1315	http://en.wikipedia.org/wiki/Josef_Issels	15	0	22
504d844e-3f4e-11e2-9ad7-00219b85c366	5cb9c756-0c04-11e2-9b44-00219b85c366	6	1328	http://www.quackwatch.org/00AboutQuackwatch/altseek.html	28	0	22
504f3de8-3f4e-11e2-9ad7-00219b85c366	5cb9c756-0c04-11e2-9b44-00219b85c366	6	1329	http://www.curezone.com/diseases/cancer/cancer_dental_risk.asp	29	0	22
5050adfe-3f4e-11e2-9ad7-00219b85c366	5cb9c756-0c04-11e2-9b44-00219b85c366	7	1330	http://www.adherents.com/lit/bk_Thornley_Issel.html	30	0	22
505b9926-3f4e-11e2-9ad7-00219b85c366	5cb9c756-0c04-11e2-9b44-00219b85c366	6	1332	http://www.maebrussell.com/Health/Oxygen%20Therapies.html	32	0	22
505d165c-3f4e-11e2-9ad7-00219b85c366	5cb9c756-0c04-11e2-9b44-00219b85c366	6	1333	http://www.sawilsons.com/	33	0	22
505e8e38-3f4e-11e2-9ad7-00219b85c366	5cb9c756-0c04-11e2-9b44-00219b85c366	6	1337	http://cancerguide.org/coley.html	37	0	22
50600cfe-3f4e-11e2-9ad7-00219b85c366	5cb9c756-0c04-11e2-9b44-00219b85c366	6	1343	http://www.quackwatch.com/00AboutQuackwatch/altseek.html	43	0	22
506b0f46-3f4e-11e2-9ad7-00219b85c366	5cb9c756-0c04-11e2-9b44-00219b85c366	6	1350	http://basketball.ballparks.com/NBA/DenverNuggets/newindex.htm	50	0	22
506cc99e-3f4e-11e2-9ad7-00219b85c366	5cb9c756-0c04-11e2-9b44-00219b85c366	6	1362	http://www.alkalizeforhealth.net/therapeuticbaths.htm	62	0	22
506e52f0-3f4e-11e2-9ad7-00219b85c366	5cb9c756-0c04-11e2-9b44-00219b85c366	6	1384	http://www.newswithviews.com/Howenstine/james48.htm	84	0	22
506fc0cc-3f4e-11e2-9ad7-00219b85c366	5cb9c756-0c04-11e2-9b44-00219b85c366	6	1386	http://www.icr-reflexology.org/2007_speakers.htm	86	0	22
507ac440-3f4e-11e2-9ad7-00219b85c366	5cb9c756-0c04-11e2-9b44-00219b85c366	9	1394	http://en.wikipedia.org/wiki/Bob_marley	94	0	22
507c8082-3f4e-11e2-9ad7-00219b85c366	5cb9c756-0c04-11e2-9b44-00219b85c366	9	1396	http://en.wikipedia.org/wiki/David_Robinson_(basketball)	96	0	22
507e0042-3f4e-11e2-9ad7-00219b85c366	5cb9c756-0c04-11e2-9b44-00219b85c366	9	1398	http://en.wikipedia.org/wiki/List_of_pneumonia_victims	98	0	22
507f823c-3f4e-11e2-9ad7-00219b85c366	5cb9bfc2-0c04-11e2-9b44-00219b85c366	6	140	http://www.rotten.com/library/bio/mad-science/jack-kevorkian/	40	0	11
508a5b4e-3f4e-11e2-9ad7-00219b85c366	5cb9c332-0c04-11e2-9b44-00219b85c366	9	1401	http://en.wikipedia.org/wiki/Julia_Roberts	1	0	23
508c00ca-3f4e-11e2-9ad7-00219b85c366	5cb9c332-0c04-11e2-9b44-00219b85c366	6	1403	http://www.starpulse.com/Actresses/Roberts,_Julia/	3	0	23
508d4a70-3f4e-11e2-9ad7-00219b85c366	5cb9c332-0c04-11e2-9b44-00219b85c366	6	1407	http://www.imdb.com/name/nm0000210/	7	0	23
508eb7e8-3f4e-11e2-9ad7-00219b85c366	5cb9bfc2-0c04-11e2-9b44-00219b85c366	1	145	http://www.lotsofessays.com/viewpaper/1702360.html	45	0	11
5099b814-3f4e-11e2-9ad7-00219b85c366	5cb9c332-0c04-11e2-9b44-00219b85c366	5	1479	http://www.the-numbers.com/people/JROBE.php	79	0	23
509b1204-3f4e-11e2-9ad7-00219b85c366	5cb9c396-0c04-11e2-9b44-00219b85c366	9	1501	http://en.wikipedia.org/wiki/Manufacturing	1	0	24
509c614a-3f4e-11e2-9ad7-00219b85c366	5cb9c396-0c04-11e2-9b44-00219b85c366	6	1502	http://www.americanmanufacturing.org/	2	0	24
509da9b0-3f4e-11e2-9ad7-00219b85c366	5cb9c396-0c04-11e2-9b44-00219b85c366	1	1504	http://www.manufacturing.net/	4	0	24
50a8d736-3f4e-11e2-9ad7-00219b85c366	5cb9c396-0c04-11e2-9b44-00219b85c366	6	1507	http://www.manufacturing.gov/	7	0	24
50aa424c-3f4e-11e2-9ad7-00219b85c366	5cb9c396-0c04-11e2-9b44-00219b85c366	6	1514	http://www.imm.org/	14	0	24
50ab9b06-3f4e-11e2-9ad7-00219b85c366	5cb9c396-0c04-11e2-9b44-00219b85c366	6	1516	http://www.canadianmanufacturing.com/	16	0	24
50acedb2-3f4e-11e2-9ad7-00219b85c366	5cb9c396-0c04-11e2-9b44-00219b85c366	6	1517	http://www.pharmamanufacturing.com/	17	0	24
50b84950-3f4e-11e2-9ad7-00219b85c366	5cb9c396-0c04-11e2-9b44-00219b85c366	6	1521	http://www.netsuite.com/portal/industries/manufacturing.shtml	21	0	24
50b9bef2-3f4e-11e2-9ad7-00219b85c366	5cb9c396-0c04-11e2-9b44-00219b85c366	6	1522	http://www.census.gov/mcd/	22	0	24
50baf088-3f4e-11e2-9ad7-00219b85c366	5cb9c396-0c04-11e2-9b44-00219b85c366	6	1524	http://www.imts.com/	24	0	24
50bc4a46-3f4e-11e2-9ad7-00219b85c366	5cb9c396-0c04-11e2-9b44-00219b85c366	6	1525	http://www.bls.gov/iag/tgs/iag31-33.htm	25	0	24
50c73eb0-3f4e-11e2-9ad7-00219b85c366	5cb9c396-0c04-11e2-9b44-00219b85c366	1	1528	http://www.jrmanufacturing.com/	28	0	24
50c8c92e-3f4e-11e2-9ad7-00219b85c366	5cb9c396-0c04-11e2-9b44-00219b85c366	6	1536	http://www.mtmanufacturingcenter.com/	36	0	24
50ca1cca-3f4e-11e2-9ad7-00219b85c366	5cb9c396-0c04-11e2-9b44-00219b85c366	6	1542	http://www.manufacturing-works.com/	42	0	24
50cb848e-3f4e-11e2-9ad7-00219b85c366	5cb9c396-0c04-11e2-9b44-00219b85c366	6	1547	http://www.midwestmanufacturing.com/Careers.jsp	47	0	24
50d68e42-3f4e-11e2-9ad7-00219b85c366	5cb9c396-0c04-11e2-9b44-00219b85c366	6	1566	http://www.krausemanufacturing.com/	66	0	24
50d815be-3f4e-11e2-9ad7-00219b85c366	5cb9c396-0c04-11e2-9b44-00219b85c366	0	1571	http://www.jobsinmanufacturing.com/	71	0	24
50d96b8a-3f4e-11e2-9ad7-00219b85c366	5cb9c396-0c04-11e2-9b44-00219b85c366	6	1572	http://www.bluemoonmanufacturing.com/	72	0	24
50dac156-3f4e-11e2-9ad7-00219b85c366	5cb9c396-0c04-11e2-9b44-00219b85c366	6	1574	http://www.vicinitymanufacturing.com/	74	0	24
50e5aef4-3f4e-11e2-9ad7-00219b85c366	5cb9c396-0c04-11e2-9b44-00219b85c366	6	1578	http://www.fossmfg.com/	78	0	24
50e77518-3f4e-11e2-9ad7-00219b85c366	5cb9c396-0c04-11e2-9b44-00219b85c366	6	1585	http://www.osha.gov/SLTC/etools/battery_manufacturing/index.html	85	0	24
50e8c918-3f4e-11e2-9ad7-00219b85c366	5cb9c396-0c04-11e2-9b44-00219b85c366	6	1589	http://www.knelsonmanufacturing.com/	89	0	24
50ea1f2a-3f4e-11e2-9ad7-00219b85c366	5cb9bfc2-0c04-11e2-9b44-00219b85c366	9	159	http://en.wikipedia.org/wiki/Kevorkian	59	0	11
50f51074-3f4e-11e2-9ad7-00219b85c366	5cb9c396-0c04-11e2-9b44-00219b85c366	6	1595	http://www.acrylicaquariums.com/	95	0	24
50f682e2-3f4e-11e2-9ad7-00219b85c366	5cb9c396-0c04-11e2-9b44-00219b85c366	6	1596	http://www.bemismfg.com/	96	0	24
50f7d296-3f4e-11e2-9ad7-00219b85c366	5cb9c9b8-0c04-11e2-9b44-00219b85c366	9	1601	http://en.wikipedia.org/wiki/Marriage	1	0	25
50f90cf6-3f4e-11e2-9ad7-00219b85c366	5cb9c9b8-0c04-11e2-9b44-00219b85c366	1	1605	http://marriage.about.com/	5	0	25
51040106-3f4e-11e2-9ad7-00219b85c366	5cb9c9b8-0c04-11e2-9b44-00219b85c366	6	1608	http://marriagebuilders.com/	8	0	25
5107adb0-3f4e-11e2-9ad7-00219b85c366	5cb9c9b8-0c04-11e2-9b44-00219b85c366	1	1613	http://www.focusonthefamily.com/marriage.aspx	13	0	25
5109618c-3f4e-11e2-9ad7-00219b85c366	5cb9c9b8-0c04-11e2-9b44-00219b85c366	6	1624	http://www.nyc.gov/html/records/html/vitalrecords/marriage.shtml	24	0	25
510aaeca-3f4e-11e2-9ad7-00219b85c366	5cb9c9b8-0c04-11e2-9b44-00219b85c366	6	1628	http://www.pgsa.org/CzuchMar.php	28	0	25
51134cce-3f4e-11e2-9ad7-00219b85c366	5cb9c9b8-0c04-11e2-9b44-00219b85c366	1	1630	http://www.gfo.org/multcomar.htm	30	0	25
51150848-3f4e-11e2-9ad7-00219b85c366	5cb9c9b8-0c04-11e2-9b44-00219b85c366	6	1633	http://www.accessgenealogy.com/georgia/bibb_marriage_records.htm	33	0	25
5116767e-3f4e-11e2-9ad7-00219b85c366	5cb9c9b8-0c04-11e2-9b44-00219b85c366	7	1640	http://www.jewishgen.org/belarus/13_cds_marriages.htm	40	0	25
5117eed2-3f4e-11e2-9ad7-00219b85c366	5cb9c9b8-0c04-11e2-9b44-00219b85c366	6	1648	http://www.earlyamerica.com/earlyamerica/bookmarks/franklin/	48	0	25
5122f8ae-3f4e-11e2-9ad7-00219b85c366	5cb9c9b8-0c04-11e2-9b44-00219b85c366	6	1649	http://www.genopro.com/tutorials/marriage-between-cousins/	49	0	25
51249d12-3f4e-11e2-9ad7-00219b85c366	5cb9c9b8-0c04-11e2-9b44-00219b85c366	6	1676	http://shs.umsystem.edu/research/guides/marriage.shtml	76	0	25
5125de98-3f4e-11e2-9ad7-00219b85c366	5cb9c9b8-0c04-11e2-9b44-00219b85c366	7	1683	http://www.afgs.org/surnamecd.html	83	0	25
512746ac-3f4e-11e2-9ad7-00219b85c366	5cb9c7b0-0c04-11e2-9b44-00219b85c366	9	1705	http://en.wikipedia.org/wiki/Mary_Poppins_(film)	5	0	26
51323ed6-3f4e-11e2-9ad7-00219b85c366	5cb9c7b0-0c04-11e2-9b44-00219b85c366	6	1727	http://www.playbillstore.com/mapogime.html	27	0	26
5133fcc6-3f4e-11e2-9ad7-00219b85c366	5cb9c7b0-0c04-11e2-9b44-00219b85c366	5	1739	http://www.reelclassics.com/Musicals/MaryPoppins/marypoppins.htm	39	0	26
5135652a-3f4e-11e2-9ad7-00219b85c366	5cb9c7b0-0c04-11e2-9b44-00219b85c366	5	1754	http://www.gotickets.com/theater/mary_poppins.php	54	0	26
5141cc66-3f4e-11e2-9ad7-00219b85c366	5cb9c7b0-0c04-11e2-9b44-00219b85c366	6	1759	http://www.ticketliquidator.com/tix/mary-poppins-tickets.aspx	59	0	26
51439c94-3f4e-11e2-9ad7-00219b85c366	5cb9c7b0-0c04-11e2-9b44-00219b85c366	0	1762	http://www.coasttocoasttickets.com/theater_schedule/mary-poppins_tickets.shtml	62	0	26
514540a8-3f4e-11e2-9ad7-00219b85c366	5cb9c7b0-0c04-11e2-9b44-00219b85c366	6	1779	http://www.getrichslowly.org/blog/2007/03/27/mary-poppins-on-compound-returns/	79	0	26
514670cc-3f4e-11e2-9ad7-00219b85c366	5cb9c09e-0c04-11e2-9b44-00219b85c366	1	1801	http://podcast.com/	1	0	27
51513660-3f4e-11e2-9ad7-00219b85c366	5cb9c09e-0c04-11e2-9b44-00219b85c366	9	1802	http://en.wikipedia.org/wiki/Podcast	2	0	27
51529a00-3f4e-11e2-9ad7-00219b85c366	5cb9c09e-0c04-11e2-9b44-00219b85c366	1	1803	http://www.podbean.com/	3	0	27
515403ae-3f4e-11e2-9ad7-00219b85c366	5cb9c09e-0c04-11e2-9b44-00219b85c366	1	1804	http://www.podcastalley.com/	4	0	27
51553d32-3f4e-11e2-9ad7-00219b85c366	5cb9c09e-0c04-11e2-9b44-00219b85c366	6	1805	http://www.podcastawards.com/	5	0	27
515ee42c-3f4e-11e2-9ad7-00219b85c366	5cb9bfc2-0c04-11e2-9b44-00219b85c366	1	181	http://www.brainyquote.com/quotes/authors/j/jack_kevorkian.html	81	0	11
51605320-3f4e-11e2-9ad7-00219b85c366	5cb9c09e-0c04-11e2-9b44-00219b85c366	6	1810	http://www.podcastpickle.com/	10	0	27
5161b8b4-3f4e-11e2-9ad7-00219b85c366	5cb9c09e-0c04-11e2-9b44-00219b85c366	6	1813	http://www.techpodcasts.com/	13	0	27
5162f062-3f4e-11e2-9ad7-00219b85c366	5cb9c09e-0c04-11e2-9b44-00219b85c366	6	1814	http://www.robotspodcast.com/	14	0	27
51642798-3f4e-11e2-9ad7-00219b85c366	5cb9c09e-0c04-11e2-9b44-00219b85c366	6	1816	http://watirpodcast.com/	16	0	27
516f2fe4-3f4e-11e2-9ad7-00219b85c366	5cb9c09e-0c04-11e2-9b44-00219b85c366	6	1819	http://www.geologicpodcast.com/	19	0	27
517099f6-3f4e-11e2-9ad7-00219b85c366	5cb9c09e-0c04-11e2-9b44-00219b85c366	1	1822	http://netsecpodcast.com/	22	0	27
5171e446-3f4e-11e2-9ad7-00219b85c366	5cb9c09e-0c04-11e2-9b44-00219b85c366	6	1824	http://www.bbc.co.uk/ouch/podcast/	24	0	27
5173458e-3f4e-11e2-9ad7-00219b85c366	5cb9c09e-0c04-11e2-9b44-00219b85c366	6	1827	http://prairiehome.publicradio.org/about/podcast/	27	0	27
517fd038-3f4e-11e2-9ad7-00219b85c366	5cb9c09e-0c04-11e2-9b44-00219b85c366	1	1831	http://www.bnipodcast.com/	31	0	27
51817c4e-3f4e-11e2-9ad7-00219b85c366	5cb9c09e-0c04-11e2-9b44-00219b85c366	6	1835	http://www.nytimes.com/ref/books/books-podcast-archive.html	35	0	27
5182cd7e-3f4e-11e2-9ad7-00219b85c366	5cb9c09e-0c04-11e2-9b44-00219b85c366	6	1837	http://www.genealogygemspodcast.com/	37	0	27
51840d60-3f4e-11e2-9ad7-00219b85c366	5cb9c09e-0c04-11e2-9b44-00219b85c366	1	1838	http://www.puckpodcast.com/	38	0	27
518ef914-3f4e-11e2-9ad7-00219b85c366	5cb9c09e-0c04-11e2-9b44-00219b85c366	6	1841	http://learn-thai-podcast.com/	41	0	27
51907e56-3f4e-11e2-9ad7-00219b85c366	5cb9c09e-0c04-11e2-9b44-00219b85c366	6	1845	http://oceanservice.noaa.gov/podcast.html	45	0	27
5191d3fa-3f4e-11e2-9ad7-00219b85c366	5cb9c09e-0c04-11e2-9b44-00219b85c366	1	1850	http://therissingtonpodcast.co.uk/	50	0	27
519310e4-3f4e-11e2-9ad7-00219b85c366	5cb9c09e-0c04-11e2-9b44-00219b85c366	6	1853	http://celticmusicpodcast.com/	53	0	27
519df982-3f4e-11e2-9ad7-00219b85c366	5cb9c09e-0c04-11e2-9b44-00219b85c366	6	1855	http://podcast.metafilter.com/	55	0	27
519f45b2-3f4e-11e2-9ad7-00219b85c366	5cb9c09e-0c04-11e2-9b44-00219b85c366	6	1856	http://www.dailygut.com/	56	0	27
51a0801c-3f4e-11e2-9ad7-00219b85c366	5cb9c09e-0c04-11e2-9b44-00219b85c366	6	1866	http://www.comicspodcasts.com/	66	0	27
51a1c148-3f4e-11e2-9ad7-00219b85c366	5cb9c09e-0c04-11e2-9b44-00219b85c366	6	1874	http://www.biota.org/podcast/	74	0	27
51acb418-3f4e-11e2-9ad7-00219b85c366	5cb9c09e-0c04-11e2-9b44-00219b85c366	6	1878	http://podcast.rubyonrails.com/	78	0	27
51ae2640-3f4e-11e2-9ad7-00219b85c366	5cb9c09e-0c04-11e2-9b44-00219b85c366	6	1881	http://www.podcastconnect.com/	81	0	27
51afba96-3f4e-11e2-9ad7-00219b85c366	5cb9c09e-0c04-11e2-9b44-00219b85c366	6	1890	http://www.npr.org/rss/podcast/podcast_directory.php	90	0	27
51b0f9b0-3f4e-11e2-9ad7-00219b85c366	5cb9c09e-0c04-11e2-9b44-00219b85c366	6	1892	http://www.frommers.com/podcast/	92	0	27
51bbebb8-3f4e-11e2-9ad7-00219b85c366	5cb9c09e-0c04-11e2-9b44-00219b85c366	6	1894	http://www.residentadvisor.net/podcast.aspx	94	0	27
51bd5048-3f4e-11e2-9ad7-00219b85c366	5cb9c274-0c04-11e2-9b44-00219b85c366	6	1901	http://www.pro-test.org.uk/	1	0	28
51be85e4-3f4e-11e2-9ad7-00219b85c366	5cb9c274-0c04-11e2-9b44-00219b85c366	6	1919	http://www.alltestpro.com/	19	0	28
51bfc2a6-3f4e-11e2-9ad7-00219b85c366	5cb9c274-0c04-11e2-9b44-00219b85c366	6	1921	http://www.proftesting.com/	21	0	28
51c10eae-3f4e-11e2-9ad7-00219b85c366	5cb9c274-0c04-11e2-9b44-00219b85c366	9	1939	http://en.wikipedia.org/wiki/Protest	39	0	28
51cc42a6-3f4e-11e2-9ad7-00219b85c366	5cb9c274-0c04-11e2-9b44-00219b85c366	6	1969	http://www.sitestorepro.com/	69	0	28
51cda3d0-3f4e-11e2-9ad7-00219b85c366	5cb9c274-0c04-11e2-9b44-00219b85c366	6	1977	http://protest.net/	77	0	28
51cf3bb4-3f4e-11e2-9ad7-00219b85c366	5cb9c49a-0c04-11e2-9b44-00219b85c366	6	2001	http://www.cancer.gov/cancertopics/factsheet/Therapy/radiation	1	0	29
51da2da8-3f4e-11e2-9ad7-00219b85c366	5cb9c49a-0c04-11e2-9b44-00219b85c366	6	2003	http://www.medicinenet.com/radiation_therapy/article.htm	3	0	29
51dbecba-3f4e-11e2-9ad7-00219b85c366	5cb9c49a-0c04-11e2-9b44-00219b85c366	6	2004	http://www.mayoclinic.com/health/radiation-therapy/MY00299	4	0	29
51dd9498-3f4e-11e2-9ad7-00219b85c366	5cb9c49a-0c04-11e2-9b44-00219b85c366	6	2005	http://www.nlm.nih.gov/medlineplus/radiationtherapy.html	5	0	29
51df0ea4-3f4e-11e2-9ad7-00219b85c366	5cb9c49a-0c04-11e2-9b44-00219b85c366	6	2006	http://www.breastcancer.org/treatment/radiation/	6	0	29
51ea1100-3f4e-11e2-9ad7-00219b85c366	5cb9c49a-0c04-11e2-9b44-00219b85c366	6	2007	http://kidshealth.org/teen/diseases_conditions/cancer/radiation.html	7	0	29
51ec06ae-3f4e-11e2-9ad7-00219b85c366	5cb9c49a-0c04-11e2-9b44-00219b85c366	6	2008	http://www.cancercenter.com/conventional-cancer-treatment/radiation-therapy.cfm	8	0	29
51ed6b3e-3f4e-11e2-9ad7-00219b85c366	5cb9c008-0c04-11e2-9b44-00219b85c366	9	201	http://en.wikipedia.org/wiki/Emma_Watson	1	0	12
51eecb78-3f4e-11e2-9ad7-00219b85c366	5cb9c49a-0c04-11e2-9b44-00219b85c366	9	2010	http://en.wikipedia.org/wiki/Radiotherapy	10	0	29
51f9a232-3f4e-11e2-9ad7-00219b85c366	5cb9c008-0c04-11e2-9b44-00219b85c366	5	202	http://www.imdb.com/name/nm0914612/	2	0	12
51fb0cee-3f4e-11e2-9ad7-00219b85c366	5cb9c49a-0c04-11e2-9b44-00219b85c366	1	2025	http://tcrc.acor.org/radiation.html	25	0	29
51fc6f44-3f4e-11e2-9ad7-00219b85c366	5cb9c49a-0c04-11e2-9b44-00219b85c366	6	2057	http://www.ustoo.org/Treatment_Options.asp	57	0	29
51fdde6a-3f4e-11e2-9ad7-00219b85c366	5cb9c49a-0c04-11e2-9b44-00219b85c366	6	2078	http://www.cdc.gov/nceh/ehs/ETP/radiation.htm	78	0	29
5208fc0a-3f4e-11e2-9ad7-00219b85c366	5cb9bcde-0c04-11e2-9b44-00219b85c366	9	2101	http://en.wikipedia.org/wiki/Abortion	1	0	2
520a8ffc-3f4e-11e2-9ad7-00219b85c366	5cb9bcde-0c04-11e2-9b44-00219b85c366	1	2102	http://women.webmd.com/tc/abortion-topic-overview	2	0	2
520bfaa4-3f4e-11e2-9ad7-00219b85c366	5cb9bcde-0c04-11e2-9b44-00219b85c366	1	2103	http://www.nlm.nih.gov/medlineplus/abortion.html	3	0	2
520d7dde-3f4e-11e2-9ad7-00219b85c366	5cb9bcde-0c04-11e2-9b44-00219b85c366	6	2105	http://www.cancer.gov/cancertopics/factsheet/Risk/abortion-miscarriage	5	0	2
52189b2e-3f4e-11e2-9ad7-00219b85c366	5cb9bcde-0c04-11e2-9b44-00219b85c366	6	2106	http://www.cdc.gov/reproductivehealth/Data_Stats/Abortion.htm	6	0	2
521a301a-3f4e-11e2-9ad7-00219b85c366	5cb9bcde-0c04-11e2-9b44-00219b85c366	6	2110	http://www.americanpregnancy.org/unplannedpregnancy/abortionprocedures.html	10	0	2
521b684a-3f4e-11e2-9ad7-00219b85c366	5cb9bcde-0c04-11e2-9b44-00219b85c366	6	2120	http://www.abortion.com/	20	0	2
521ccd98-3f4e-11e2-9ad7-00219b85c366	5cb9bcde-0c04-11e2-9b44-00219b85c366	6	2124	http://www.dshs.state.tx.us/wrtk/after-abortion.shtm	24	0	2
5227dcec-3f4e-11e2-9ad7-00219b85c366	5cb9bcde-0c04-11e2-9b44-00219b85c366	1	2130	http://www.umm.edu/ency/article/002912.htm	30	0	2
5229780e-3f4e-11e2-9ad7-00219b85c366	5cb9bcde-0c04-11e2-9b44-00219b85c366	1	2131	http://www.religioustolerance.org/abortion.htm	31	0	2
522ae1b2-3f4e-11e2-9ad7-00219b85c366	5cb9bcde-0c04-11e2-9b44-00219b85c366	6	2132	http://www.guttmacher.org/pubs/fb_induced_abortion.html	32	0	2
522c2a54-3f4e-11e2-9ad7-00219b85c366	5cb9bcde-0c04-11e2-9b44-00219b85c366	1	2133	http://www.bbc.co.uk/ethics/abortion/	33	0	2
5238b170-3f4e-11e2-9ad7-00219b85c366	5cb9bcde-0c04-11e2-9b44-00219b85c366	1	2136	http://dictionary.reference.com/browse/abortion	36	0	2
5239f8fa-3f4e-11e2-9ad7-00219b85c366	5cb9bcde-0c04-11e2-9b44-00219b85c366	1	2139	http://www.abortionrights.org.uk/	39	0	2
523b2f22-3f4e-11e2-9ad7-00219b85c366	5cb9bcde-0c04-11e2-9b44-00219b85c366	6	2150	http://afterabortion.org/	50	0	2
523c75d0-3f4e-11e2-9ad7-00219b85c366	5cb9bcde-0c04-11e2-9b44-00219b85c366	6	2154	http://www.abortionbreastcancer.com/	54	0	2
524636a6-3f4e-11e2-9ad7-00219b85c366	5cb9bcde-0c04-11e2-9b44-00219b85c366	1	2155	http://www.abortionchangesyou.com/	55	0	2
5247b5e4-3f4e-11e2-9ad7-00219b85c366	5cb9bcde-0c04-11e2-9b44-00219b85c366	1	2157	http://www.conservapedia.com/Abortion	57	0	2
52490aac-3f4e-11e2-9ad7-00219b85c366	5cb9bcde-0c04-11e2-9b44-00219b85c366	1	2166	http://www.abortioncarenetwork.org/	66	0	2
524a4a8e-3f4e-11e2-9ad7-00219b85c366	5cb9bcde-0c04-11e2-9b44-00219b85c366	1	2172	http://www.abortionrecovery.org/	72	0	2
52553c64-3f4e-11e2-9ad7-00219b85c366	5cb9bcde-0c04-11e2-9b44-00219b85c366	1	2176	http://www.menandabortion.com/	76	0	2
5256c2a0-3f4e-11e2-9ad7-00219b85c366	5cb9bcde-0c04-11e2-9b44-00219b85c366	6	2177	http://www.medicalabortionconsortium.org/	77	0	2
525825f0-3f4e-11e2-9ad7-00219b85c366	5cb9bcde-0c04-11e2-9b44-00219b85c366	1	2178	http://www.newadvent.org/cathen/01046b.htm	78	0	2
525975a4-3f4e-11e2-9ad7-00219b85c366	5cb9bcde-0c04-11e2-9b44-00219b85c366	1	2179	http://www.nrlc.org/abortion/index.html	79	0	2
5264ca76-3f4e-11e2-9ad7-00219b85c366	5cb9bcde-0c04-11e2-9b44-00219b85c366	1	2181	http://topics.nytimes.com/top/reference/timestopics/subjects/a/abortion/index.html	81	0	2
526666e2-3f4e-11e2-9ad7-00219b85c366	5cb9bcde-0c04-11e2-9b44-00219b85c366	6	2188	http://www.newworldencyclopedia.org/entry/Abortion	88	0	2
52679b8e-3f4e-11e2-9ad7-00219b85c366	5cb9bcde-0c04-11e2-9b44-00219b85c366	1	2189	http://abortion.ws/	89	0	2
5268d6f2-3f4e-11e2-9ad7-00219b85c366	5cb9bcde-0c04-11e2-9b44-00219b85c366	6	2194	http://www.abortionclinic.org/	94	0	2
5273a7b2-3f4e-11e2-9ad7-00219b85c366	5cb9bcde-0c04-11e2-9b44-00219b85c366	0	2195	http://www.abortioninjury.com/	95	0	2
52751e80-3f4e-11e2-9ad7-00219b85c366	5cb9bcde-0c04-11e2-9b44-00219b85c366	6	2196	http://commons.wikimedia.org/wiki/Category:Abortion	96	0	2
52768824-3f4e-11e2-9ad7-00219b85c366	5cb9bcde-0c04-11e2-9b44-00219b85c366	1	2198	http://www.britannica.com/EBchecked/topic/1498/abortion	98	0	2
5277ce5a-3f4e-11e2-9ad7-00219b85c366	5cb9ca8a-0c04-11e2-9b44-00219b85c366	6	2209	http://www.ohiogop.org/	9	0	30
5282db56-3f4e-11e2-9ad7-00219b85c366	5cb9ca8a-0c04-11e2-9b44-00219b85c366	6	2214	http://www.scgop.com/	14	0	30
5284565c-3f4e-11e2-9ad7-00219b85c366	5cb9ca8a-0c04-11e2-9b44-00219b85c366	6	2221	http://www.nevadagop.org/	21	0	30
5285dc70-3f4e-11e2-9ad7-00219b85c366	5cb9ca8a-0c04-11e2-9b44-00219b85c366	6	2254	http://www.issues2000.org/Republican_Party.htm	54	0	30
52872314-3f4e-11e2-9ad7-00219b85c366	5cb9ca8a-0c04-11e2-9b44-00219b85c366	6	2300	http://www.republicans.org/	100	0	31
529226c4-3f4e-11e2-9ad7-00219b85c366	5cb9ca1c-0c04-11e2-9b44-00219b85c366	9	2301	http://en.wikipedia.org/wiki/Same-sex_marriage	1	0	31
5293cdc6-3f4e-11e2-9ad7-00219b85c366	5cb9ca1c-0c04-11e2-9b44-00219b85c366	5	2314	http://www.religioustolerance.org/hom_marr.htm	14	0	31
52952e32-3f4e-11e2-9ad7-00219b85c366	5cb9ca1c-0c04-11e2-9b44-00219b85c366	6	2338	http://www.samesexmarriage.ca/	38	0	31
52968f5c-3f4e-11e2-9ad7-00219b85c366	5cb9ca1c-0c04-11e2-9b44-00219b85c366	0	2340	http://law-library.rutgers.edu/SSM.html	40	0	31
52a1a0cc-3f4e-11e2-9ad7-00219b85c366	5cb9c60c-0c04-11e2-9b44-00219b85c366	6	24	http://www.atheists.org/Interview%3A__Douglas_Adams	24	0	10
52a34936-3f4e-11e2-9ad7-00219b85c366	5cb9ca1c-0c04-11e2-9b44-00219b85c366	6	2400	http://nosamesexmarriage.com/marriage/califgaymar.php	100	0	32
52a4e462-3f4e-11e2-9ad7-00219b85c366	5cb9be78-0c04-11e2-9b44-00219b85c366	5	2419	http://www.time.com/time/photogallery/0,29307,1837632_1758995,00.html	19	0	32
52a652c0-3f4e-11e2-9ad7-00219b85c366	5cb9be78-0c04-11e2-9b44-00219b85c366	7	2427	http://wikileaks.org/wiki/Sarah_Palin_Yahoo_inbox_2008	27	0	32
52b14770-3f4e-11e2-9ad7-00219b85c366	5cb9be78-0c04-11e2-9b44-00219b85c366	5	2440	http://www.buzzfeed.com/scott/sarah-palin-vs-tina-fey	40	0	32
52b29846-3f4e-11e2-9ad7-00219b85c366	5cb9be78-0c04-11e2-9b44-00219b85c366	5	2448	http://thinkprogress.org/palin-digest/	48	0	32
52b41c2a-3f4e-11e2-9ad7-00219b85c366	5cb9be78-0c04-11e2-9b44-00219b85c366	5	2449	http://www.motherjones.com/kevin-drum/2008/08/sarah_palin.html	49	0	32
52b579da-3f4e-11e2-9ad7-00219b85c366	5cb9be78-0c04-11e2-9b44-00219b85c366	5	2453	http://perezhilton.com/category/sarah-palin/	53	0	32
52c20ef2-3f4e-11e2-9ad7-00219b85c366	5cb9be78-0c04-11e2-9b44-00219b85c366	-1	2472	http://www.conservapedia.com/Sarah_Palin	72	0	32
52c3da48-3f4e-11e2-9ad7-00219b85c366	5cb9be78-0c04-11e2-9b44-00219b85c366	5	2496	http://www.democracynow.org/2008/9/9/sarah_palin_and_the_wasila_church	96	0	32
52c52f06-3f4e-11e2-9ad7-00219b85c366	5cb9c60c-0c04-11e2-9b44-00219b85c366	6	25	http://www.biota.org/people/douglasadams/	25	0	10
52ce6cd8-3f4e-11e2-9ad7-00219b85c366	5cb9be78-0c04-11e2-9b44-00219b85c366	6	2500	http://www.facebook.com/sarahpalin	100	0	33
52cfdafa-3f4e-11e2-9ad7-00219b85c366	5cb9be00-0c04-11e2-9b44-00219b85c366	1	2501	http://www.scientology.org/	1	0	33
52d16a0a-3f4e-11e2-9ad7-00219b85c366	5cb9be00-0c04-11e2-9b44-00219b85c366	6	2504	http://www.beliefnet.com/Faiths/2001/06/What-Scientologists-Believe.aspx	4	0	33
52d2c9f4-3f4e-11e2-9ad7-00219b85c366	5cb9be00-0c04-11e2-9b44-00219b85c366	6	2505	http://www.religioustolerance.org/scientol.htm	5	0	33
52ddbfa8-3f4e-11e2-9ad7-00219b85c366	5cb9be00-0c04-11e2-9b44-00219b85c366	1	2507	http://exscientologykids.com/	7	0	33
52df6092-3f4e-11e2-9ad7-00219b85c366	5cb9be00-0c04-11e2-9b44-00219b85c366	1	2509	http://www.religionfacts.com/scientology/index.htm	9	0	33
52e0e5e8-3f4e-11e2-9ad7-00219b85c366	5cb9be00-0c04-11e2-9b44-00219b85c366	1	2510	http://www.apologeticsindex.org/s04.html	10	0	33
52e2311e-3f4e-11e2-9ad7-00219b85c366	5cb9be00-0c04-11e2-9b44-00219b85c366	1	2516	http://www.bonafidescientology.org/	16	0	33
52eec1c2-3f4e-11e2-9ad7-00219b85c366	5cb9be00-0c04-11e2-9b44-00219b85c366	1	2518	http://www.gotquestions.org/scientology-Christian-cult.html	18	0	33
52f033ea-3f4e-11e2-9ad7-00219b85c366	5cb9be00-0c04-11e2-9b44-00219b85c366	1	2525	http://www.scientologyreligion.org/	25	0	33
52f1847a-3f4e-11e2-9ad7-00219b85c366	5cb9be00-0c04-11e2-9b44-00219b85c366	1	2526	http://www.scientologyhandbook.org/	26	0	33
52f2d2b2-3f4e-11e2-9ad7-00219b85c366	5cb9be00-0c04-11e2-9b44-00219b85c366	6	2528	http://www.bible.ca/cr-scientology.htm	28	0	33
52fc54c2-3f4e-11e2-9ad7-00219b85c366	5cb9be00-0c04-11e2-9b44-00219b85c366	1	2531	http://www.scientology-newyork.org/	31	0	33
52fe531c-3f4e-11e2-9ad7-00219b85c366	5cb9be00-0c04-11e2-9b44-00219b85c366	1	2534	http://gawker.com/5002269/the-cruise-indoctrination-video-scientology-tried-to-suppress	34	0	33
52ffb6d0-3f4e-11e2-9ad7-00219b85c366	5cb9be00-0c04-11e2-9b44-00219b85c366	6	2536	http://www.scientology.org.za/	36	0	33
5300f8a6-3f4e-11e2-9ad7-00219b85c366	5cb9be00-0c04-11e2-9b44-00219b85c366	1	2538	http://www.scientology.org.au/	38	0	33
530db168-3f4e-11e2-9ad7-00219b85c366	5cb9be00-0c04-11e2-9b44-00219b85c366	1	2539	http://topics.nytimes.com/top/reference/timestopics/subjects/s/scientology/index.html	39	0	33
530f17b0-3f4e-11e2-9ad7-00219b85c366	5cb9be00-0c04-11e2-9b44-00219b85c366	1	2541	http://www.scientology-boston.org/	41	0	33
53106ae8-3f4e-11e2-9ad7-00219b85c366	5cb9be00-0c04-11e2-9b44-00219b85c366	6	2542	http://www.scientology-sanjose.org/	42	0	33
5311c956-3f4e-11e2-9ad7-00219b85c366	5cb9be00-0c04-11e2-9b44-00219b85c366	1	2547	http://www.cs.cmu.edu/~dst/Secrets/index.html	47	0	33
531cdf44-3f4e-11e2-9ad7-00219b85c366	5cb9be00-0c04-11e2-9b44-00219b85c366	1	2548	http://www.scientology-washingtondc.org/	48	0	33
531e71ba-3f4e-11e2-9ad7-00219b85c366	5cb9be00-0c04-11e2-9b44-00219b85c366	1	2551	http://www.scientology-sanfrancisco.org/	51	0	33
531fd78a-3f4e-11e2-9ad7-00219b85c366	5cb9be00-0c04-11e2-9b44-00219b85c366	1	2559	http://www.scientology-losgatos.org/	59	0	33
5321264e-3f4e-11e2-9ad7-00219b85c366	5cb9be00-0c04-11e2-9b44-00219b85c366	1	2562	http://www.scientology-sacramento.org/	62	0	33
532c0550-3f4e-11e2-9ad7-00219b85c366	5cb9be00-0c04-11e2-9b44-00219b85c366	0	2563	http://www.scientology-fso.org/	63	0	33
532d7340-3f4e-11e2-9ad7-00219b85c366	5cb9be00-0c04-11e2-9b44-00219b85c366	6	2565	http://www.scientology-seattle.org/	65	0	33
532ec308-3f4e-11e2-9ad7-00219b85c366	5cb9be00-0c04-11e2-9b44-00219b85c366	1	2567	http://www.correctscientology.org/	67	0	33
533012ee-3f4e-11e2-9ad7-00219b85c366	5cb9be00-0c04-11e2-9b44-00219b85c366	1	2570	http://www.scientology-cincinnati.org/	70	0	33
5339b740-3f4e-11e2-9ad7-00219b85c366	5cb9be00-0c04-11e2-9b44-00219b85c366	1	2573	http://www.rotten.com/library/religion/scientology/	73	0	33
533b36ce-3f4e-11e2-9ad7-00219b85c366	5cb9be00-0c04-11e2-9b44-00219b85c366	1	2576	http://www.scientology-tampa.org/	76	0	33
533ca798-3f4e-11e2-9ad7-00219b85c366	5cb9be00-0c04-11e2-9b44-00219b85c366	6	2578	http://www.churchofscientology.org/	78	0	33
533de9d2-3f4e-11e2-9ad7-00219b85c366	5cb9be00-0c04-11e2-9b44-00219b85c366	6	2581	http://www.scientology.net.au/	81	0	33
534a41d2-3f4e-11e2-9ad7-00219b85c366	5cb9be00-0c04-11e2-9b44-00219b85c366	1	2583	http://www.realscientology.org/	83	0	33
534bbd46-3f4e-11e2-9ad7-00219b85c366	5cb9be00-0c04-11e2-9b44-00219b85c366	6	2584	http://www.scientology-canberra.org.au/	84	0	33
534d237a-3f4e-11e2-9ad7-00219b85c366	5cb9be00-0c04-11e2-9b44-00219b85c366	6	2586	http://www.cesnur.org/testi/se_scientology.htm	86	0	33
534e7a5e-3f4e-11e2-9ad7-00219b85c366	5cb9be00-0c04-11e2-9b44-00219b85c366	6	2588	http://www.scientology-portland.org/	88	0	33
535991be-3f4e-11e2-9ad7-00219b85c366	5cb9be00-0c04-11e2-9b44-00219b85c366	6	2591	http://www.scientology-melbourne.org.au/	91	0	33
535b42a2-3f4e-11e2-9ad7-00219b85c366	5cb9be00-0c04-11e2-9b44-00219b85c366	1	2592	http://en.wikinews.org/wiki/Category:Scientology	92	0	33
535cb0e2-3f4e-11e2-9ad7-00219b85c366	5cb9be00-0c04-11e2-9b44-00219b85c366	6	2593	http://www.scientology-capetown.org/	93	0	33
535dfb78-3f4e-11e2-9ad7-00219b85c366	5cb9be00-0c04-11e2-9b44-00219b85c366	6	2594	http://www.scientology-sandiego.org/	94	0	33
5368f532-3f4e-11e2-9ad7-00219b85c366	5cb9be00-0c04-11e2-9b44-00219b85c366	1	2595	http://commons.wikimedia.org/wiki/Category:Scientology	95	0	33
536a69e4-3f4e-11e2-9ad7-00219b85c366	5cb9be00-0c04-11e2-9b44-00219b85c366	6	2596	http://www.scientology-phoenix.org/	96	0	33
536bc988-3f4e-11e2-9ad7-00219b85c366	5cb9be00-0c04-11e2-9b44-00219b85c366	1	2597	http://en.wiktionary.org/wiki/Scientology	97	0	33
536d3296-3f4e-11e2-9ad7-00219b85c366	5cb9be00-0c04-11e2-9b44-00219b85c366	1	2598	http://www.factnet.org/Scientology/dianetics.html	98	0	33
5378539c-3f4e-11e2-9ad7-00219b85c366	5cb9befa-0c04-11e2-9b44-00219b85c366	9	2601	http://en.wikipedia.org/wiki/Second_Intifada	1	0	34
5379e7ac-3f4e-11e2-9ad7-00219b85c366	5cb9befa-0c04-11e2-9b44-00219b85c366	9	2618	http://en.wikipedia.org/wiki/Intifada	18	0	34
537b8328-3f4e-11e2-9ad7-00219b85c366	5cb9befa-0c04-11e2-9b44-00219b85c366	6	2620	http://www.infoimagination.org/islamnm/second_intifada.html	20	0	34
537cd732-3f4e-11e2-9ad7-00219b85c366	5cb9befa-0c04-11e2-9b44-00219b85c366	6	2657	http://www.jcpa.org/art/brief1-16.htm	57	0	34
5387d2b8-3f4e-11e2-9ad7-00219b85c366	5cb9befa-0c04-11e2-9b44-00219b85c366	6	2660	http://www.meforum.org/article/170	60	0	34
53893c52-3f4e-11e2-9ad7-00219b85c366	5cb9c56c-0c04-11e2-9b44-00219b85c366	9	2701	http://en.wikipedia.org/wiki/Shoplifter	1	0	35
538a998a-3f4e-11e2-9ad7-00219b85c366	5cb9c56c-0c04-11e2-9b44-00219b85c366	6	2712	http://www.crimedoctor.com/shoplifting.htm	12	0	35
538c11fc-3f4e-11e2-9ad7-00219b85c366	5cb9c56c-0c04-11e2-9b44-00219b85c366	6	2718	http://www.shopliftingprevention.org/WhatNASPOffers/NRC.htm	18	0	35
53979b76-3f4e-11e2-9ad7-00219b85c366	5cb9c56c-0c04-11e2-9b44-00219b85c366	6	2746	http://www.babycenter.com/4_how-do-you-handle-accidental-shoplifting_1746298.bc	46	0	35
5399318e-3f4e-11e2-9ad7-00219b85c366	5cb9c422-0c04-11e2-9b44-00219b85c366	9	2801	http://en.wikipedia.org/wiki/Solar_System	1	0	36
539a6950-3f4e-11e2-9ad7-00219b85c366	5cb9c422-0c04-11e2-9b44-00219b85c366	1	2802	http://nineplanets.org/	2	0	36
539bb72e-3f4e-11e2-9ad7-00219b85c366	5cb9c422-0c04-11e2-9b44-00219b85c366	6	2803	http://solarsystem.nasa.gov/index.cfm	3	0	36
53a6dbea-3f4e-11e2-9ad7-00219b85c366	5cb9c422-0c04-11e2-9b44-00219b85c366	1	2804	http://science.nationalgeographic.com/science/space/solar-system	4	0	36
53a8432c-3f4e-11e2-9ad7-00219b85c366	5cb9c422-0c04-11e2-9b44-00219b85c366	1	2805	http://www.kidsastronomy.com/solar_system.htm	5	0	36
53a97fa8-3f4e-11e2-9ad7-00219b85c366	5cb9c422-0c04-11e2-9b44-00219b85c366	6	2806	http://space.jpl.nasa.gov/	6	0	36
53aad736-3f4e-11e2-9ad7-00219b85c366	5cb9c422-0c04-11e2-9b44-00219b85c366	0	2809	http://www.solarviews.com/eng/solarsys.htm	9	0	36
53b7ee30-3f4e-11e2-9ad7-00219b85c366	5cb9c422-0c04-11e2-9b44-00219b85c366	1	2813	http://starchild.gsfc.nasa.gov/docs/StarChild/solar_system_level1/solar_system.html	13	0	36
53b94370-3f4e-11e2-9ad7-00219b85c366	5cb9c422-0c04-11e2-9b44-00219b85c366	1	2815	http://www.fourmilab.ch/solar/solar.html	15	0	36
53baa1b6-3f4e-11e2-9ad7-00219b85c366	5cb9c422-0c04-11e2-9b44-00219b85c366	6	2816	http://www.exploratorium.edu/ronh/solar_system/	16	0	36
53bc059c-3f4e-11e2-9ad7-00219b85c366	5cb9c422-0c04-11e2-9b44-00219b85c366	1	2824	http://www.bbc.co.uk/science/space/solarsystem/	24	0	36
53c57604-3f4e-11e2-9ad7-00219b85c366	5cb9c422-0c04-11e2-9b44-00219b85c366	1	2827	http://www.nineplanets.org/overview.html	27	0	36
53c6e67e-3f4e-11e2-9ad7-00219b85c366	5cb9c422-0c04-11e2-9b44-00219b85c366	6	2828	http://astrogeology.usgs.gov/SolarSystem/Earth/Moon/	28	0	36
53c83fe2-3f4e-11e2-9ad7-00219b85c366	5cb9c422-0c04-11e2-9b44-00219b85c366	1	2832	http://en.wiktionary.org/wiki/solar_system	32	0	36
53d37074-3f4e-11e2-9ad7-00219b85c366	5cb9c422-0c04-11e2-9b44-00219b85c366	1	2834	http://en.wikibooks.org/wiki/Wikijunior_Solar_System	34	0	36
53d50074-3f4e-11e2-9ad7-00219b85c366	5cb9c422-0c04-11e2-9b44-00219b85c366	1	2840	http://stardate.org/resources/ssguide/	40	0	36
53d68b88-3f4e-11e2-9ad7-00219b85c366	5cb9c422-0c04-11e2-9b44-00219b85c366	6	2841	http://mistupid.com/astronomy/solarsystem.htm	41	0	36
53d80d5a-3f4e-11e2-9ad7-00219b85c366	5cb9c422-0c04-11e2-9b44-00219b85c366	6	2855	http://www.allposters.com/-sp/Solar-System-Posters_i2540596_.htm	55	0	36
53e2f1ac-3f4e-11e2-9ad7-00219b85c366	5cb9c422-0c04-11e2-9b44-00219b85c366	1	2875	http://dictionary.reference.com/browse/solar+system	75	0	36
53e467e4-3f4e-11e2-9ad7-00219b85c366	5cb9c422-0c04-11e2-9b44-00219b85c366	6	2876	http://astro.unl.edu/naap/ssm/ssm.html	76	0	36
53e5cf58-3f4e-11e2-9ad7-00219b85c366	5cb9c422-0c04-11e2-9b44-00219b85c366	1	2890	http://www.arkenstonepublishing.net/solarsystem	90	0	36
53e74612-3f4e-11e2-9ad7-00219b85c366	5cb9c422-0c04-11e2-9b44-00219b85c366	6	2893	http://www.sciencedaily.com/news/space_time/solar_system/	93	0	36
53f29634-3f4e-11e2-9ad7-00219b85c366	5cb9c422-0c04-11e2-9b44-00219b85c366	6	2897	http://astro.uchicago.edu/research/solar-system-astronomy.shtml	97	0	36
53f42878-3f4e-11e2-9ad7-00219b85c366	9ed08482-02a8-11e2-9b44-00219b85c366	9	2903	http://en.wikipedia.org/wiki/Solomon	3	0	37
53f5cdea-3f4e-11e2-9ad7-00219b85c366	9ed08482-02a8-11e2-9b44-00219b85c366	6	2905	http://www.jewishvirtuallibrary.org/jsource/Judaism/The_Temple.html	5	0	37
53f71984-3f4e-11e2-9ad7-00219b85c366	9ed08482-02a8-11e2-9b44-00219b85c366	6	2909	http://phoenicia.org/temple.html	9	0	37
54021f32-3f4e-11e2-9ad7-00219b85c366	9ed08482-02a8-11e2-9b44-00219b85c366	6	2957	http://www.apologeticsindex.org/t00.html	57	0	37
54039ca4-3f4e-11e2-9ad7-00219b85c366	9ed08482-02a8-11e2-9b44-00219b85c366	7	2960	http://www.luckymojo.com/kingsolomonwisdom.html	60	0	37
540500e4-3f4e-11e2-9ad7-00219b85c366	9ed08482-02a8-11e2-9b44-00219b85c366	6	2963	http://www.newadvent.org/cathen/14499a.htm	63	0	37
54065a2a-3f4e-11e2-9ad7-00219b85c366	9ed08482-02a8-11e2-9b44-00219b85c366	6	2974	http://bibeltemplet.net/Menorah.html	74	0	37
54117ba8-3f4e-11e2-9ad7-00219b85c366	9ed08482-02a8-11e2-9b44-00219b85c366	6	2999	http://biblelight.net/temple.htm	99	0	37
5412f5d2-3f4e-11e2-9ad7-00219b85c366	5cb9c666-0c04-11e2-9b44-00219b85c366	5	3008	http://www.thehobbitblog.com/	8	0	38
5414733a-3f4e-11e2-9ad7-00219b85c366	5cb9c666-0c04-11e2-9b44-00219b85c366	7	3022	http://www.goodreads.com/author/show/656983.J_R_R_Tolkien	22	0	38
5415fa0c-3f4e-11e2-9ad7-00219b85c366	5cb9c666-0c04-11e2-9b44-00219b85c366	6	3077	http://www.tolkienlibrary.com/booksbytolkien/hobbit/description.htm	77	0	38
5420be4c-3f4e-11e2-9ad7-00219b85c366	5cb9cbca-0c04-11e2-9b44-00219b85c366	5	308	http://www.enolagay.org/	8	0	13
5422239a-3f4e-11e2-9ad7-00219b85c366	5cb9c8c8-0c04-11e2-9b44-00219b85c366	9	3101	http://en.wikipedia.org/wiki/Waltz_(dance)	1	0	39
54239de2-3f4e-11e2-9ad7-00219b85c366	5cb9c8c8-0c04-11e2-9b44-00219b85c366	6	3103	http://www.centralhome.com/ballroomcountry/waltz_steps-1.htm	3	0	39
5424d0f4-3f4e-11e2-9ad7-00219b85c366	5cb9c8c8-0c04-11e2-9b44-00219b85c366	7	3105	http://usadance.org/	5	0	39
543021ca-3f4e-11e2-9ad7-00219b85c366	5cb9c8c8-0c04-11e2-9b44-00219b85c366	6	3116	http://www.streetswing.com/histmain/z3waltz.htm	16	0	39
5431bcc4-3f4e-11e2-9ad7-00219b85c366	5cb9c8c8-0c04-11e2-9b44-00219b85c366	6	3119	http://www.dancer.com/dance-links/ballet.htm	19	0	39
543310a6-3f4e-11e2-9ad7-00219b85c366	5cb9c8c8-0c04-11e2-9b44-00219b85c366	6	3123	http://dancemagazine.com/choreographers	23	0	39
54344ea8-3f4e-11e2-9ad7-00219b85c366	5cb9c8c8-0c04-11e2-9b44-00219b85c366	6	3147	http://www.danceforjoy.biz/	47	0	39
543f61da-3f4e-11e2-9ad7-00219b85c366	5cb9c8c8-0c04-11e2-9b44-00219b85c366	6	3162	http://www.pitt.edu/~gillis/dance/isadora.html	62	0	39
54411296-3f4e-11e2-9ad7-00219b85c366	5cb9c8c8-0c04-11e2-9b44-00219b85c366	6	3183	http://www.centralhome.com/ballroomcountry/waltz.htm	83	0	39
54425746-3f4e-11e2-9ad7-00219b85c366	5cb9c8c8-0c04-11e2-9b44-00219b85c366	6	3196	http://www.fourseasonsdance.com/	96	0	39
544d8878-3f4e-11e2-9ad7-00219b85c366	5cb9be46-0c04-11e2-9b44-00219b85c366	5	3219	http://content.usatoday.com/topics/topic/People/Politicians,+Government+Officials,+Strategists/Executive/Barack+Obama	19	0	3
544f1ee0-3f4e-11e2-9ad7-00219b85c366	5cb9cbca-0c04-11e2-9b44-00219b85c366	9	323	http://en.wikipedia.org/wiki/Enola_Gay_(song)	23	0	13
5450aa3a-3f4e-11e2-9ad7-00219b85c366	5cb9be46-0c04-11e2-9b44-00219b85c366	5	3233	http://www.huffingtonpost.com/news/barack-obama	33	0	3
545201aa-3f4e-11e2-9ad7-00219b85c366	5cb9be46-0c04-11e2-9b44-00219b85c366	5	3251	http://www.ontheissues.org/Barack_Obama.htm	51	0	3
545cf326-3f4e-11e2-9ad7-00219b85c366	5cb9be46-0c04-11e2-9b44-00219b85c366	0	3273	http://www.opencongress.org/people/show/400629_barack_obama	73	0	3
545e9c76-3f4e-11e2-9ad7-00219b85c366	5cb9cbca-0c04-11e2-9b44-00219b85c366	6	328	http://www.centennialofflight.gov/essay/Air_Power/Bombing/AP27.htm	28	0	13
5460421a-3f4e-11e2-9ad7-00219b85c366	5cb9be46-0c04-11e2-9b44-00219b85c366	6	3283	http://www.courant.com/topic/politics/government/barack-obama-PEPLT007408.topic	83	0	3
5461c068-3f4e-11e2-9ad7-00219b85c366	5cb9c60c-0c04-11e2-9b44-00219b85c366	1	33	http://www.brainyquote.com/quotes/authors/d/douglas_adams.html	33	0	10
546cd66a-3f4e-11e2-9ad7-00219b85c366	5cb9c6d4-0c04-11e2-9b44-00219b85c366	9	3301	http://en.wikipedia.org/wiki/Warren_Buffett	1	0	40
546ea1e8-3f4e-11e2-9ad7-00219b85c366	5cb9c6d4-0c04-11e2-9b44-00219b85c366	5	3315	http://www.brainyquote.com/quotes/authors/w/warren_buffett.html	15	0	40
546fe094-3f4e-11e2-9ad7-00219b85c366	5cb9cbca-0c04-11e2-9b44-00219b85c366	6	336	http://www.jonahhouse.org/	36	0	13
54713c82-3f4e-11e2-9ad7-00219b85c366	5cb9cbca-0c04-11e2-9b44-00219b85c366	6	338	http://www.coara.or.jp/~ryoji/abomb/e-index.html	38	0	13
547db85e-3f4e-11e2-9ad7-00219b85c366	5cb9c6d4-0c04-11e2-9b44-00219b85c366	5	3398	http://www.berkshirehathaway.com/	98	0	40
547f455c-3f4e-11e2-9ad7-00219b85c366	5cb9c4fe-0c04-11e2-9b44-00219b85c366	9	3401	http://en.wikipedia.org/wiki/Yield_sign	1	0	41
5480a78a-3f4e-11e2-9ad7-00219b85c366	5cb9cbca-0c04-11e2-9b44-00219b85c366	9	341	http://en.wikipedia.org/wiki/Gay_Film_Nights	41	0	13
5482108e-3f4e-11e2-9ad7-00219b85c366	5cb9cbca-0c04-11e2-9b44-00219b85c366	9	342	http://en.wikipedia.org/wiki/Anti-gay_discrimination	42	0	13
548ced24-3f4e-11e2-9ad7-00219b85c366	5cb9c4fe-0c04-11e2-9b44-00219b85c366	6	3430	http://mutcd.fhwa.dot.gov/	30	0	41
548e826a-3f4e-11e2-9ad7-00219b85c366	5cb9c4fe-0c04-11e2-9b44-00219b85c366	6	3452	http://www.investopedia.com/terms/y/yield.asp	52	0	41
548fe858-3f4e-11e2-9ad7-00219b85c366	5cb9c4fe-0c04-11e2-9b44-00219b85c366	5	3456	http://www.investorwords.com/5362/yield.html	56	0	41
54912e2a-3f4e-11e2-9ad7-00219b85c366	5cb9c2d8-0c04-11e2-9b44-00219b85c366	9	3501	http://en.wikipedia.org/wiki/Heel_(bread)	1	0	4
549ca804-3f4e-11e2-9ad7-00219b85c366	5cb9c2d8-0c04-11e2-9b44-00219b85c366	6	3503	http://www.artisanbreadinfive.com/	3	0	4
549e4308-3f4e-11e2-9ad7-00219b85c366	5cb9c2d8-0c04-11e2-9b44-00219b85c366	6	3512	http://www.101cookbooks.com/archives/my-special-zucchini-bread-recipe-recipe.html	12	0	4
549fa02c-3f4e-11e2-9ad7-00219b85c366	5cb9c2d8-0c04-11e2-9b44-00219b85c366	6	3517	http://www.joyofbaking.com/breakfast/BananaBread.html	17	0	4
54a11d94-3f4e-11e2-9ad7-00219b85c366	5cb9c2d8-0c04-11e2-9b44-00219b85c366	6	3579	http://coconutlime.blogspot.com/2006/05/lemon-cranberry-bread.html	79	0	4
54aa128c-3f4e-11e2-9ad7-00219b85c366	5cb9cb0c-0c04-11e2-9b44-00219b85c366	6	3606	http://www.capitalism.net/	6	0	5
54ab7fd2-3f4e-11e2-9ad7-00219b85c366	5cb9cb0c-0c04-11e2-9b44-00219b85c366	1	3607	http://capitalism3.com/	7	0	5
54acd990-3f4e-11e2-9ad7-00219b85c366	5cb9cb0c-0c04-11e2-9b44-00219b85c366	6	3613	http://captaincapitalism.blogspot.com/	13	0	5
54ae39d4-3f4e-11e2-9ad7-00219b85c366	5cb9cb0c-0c04-11e2-9b44-00219b85c366	1	3621	http://aynrandlexicon.com/lexicon/capitalism.html	21	0	5
54bb0556-3f4e-11e2-9ad7-00219b85c366	5cb9cb0c-0c04-11e2-9b44-00219b85c366	1	3629	http://www.importanceofphilosophy.com/Politics_Capitalism.html	29	0	5
54bc7dc8-3f4e-11e2-9ad7-00219b85c366	5cb9cb0c-0c04-11e2-9b44-00219b85c366	7	3630	http://celebratecapitalism.com/	30	0	5
54bdc796-3f4e-11e2-9ad7-00219b85c366	5cb9cb0c-0c04-11e2-9b44-00219b85c366	6	3633	http://www.gotchacapitalism.com/	33	0	5
54bf2e42-3f4e-11e2-9ad7-00219b85c366	5cb9cb0c-0c04-11e2-9b44-00219b85c366	1	3635	http://www.econlib.org/library/Enc/Capitalism.html	35	0	5
54ca2018-3f4e-11e2-9ad7-00219b85c366	5cb9cb0c-0c04-11e2-9b44-00219b85c366	1	3648	http://everything2.com/title/capitalism	48	0	5
54cb99c0-3f4e-11e2-9ad7-00219b85c366	5cb9cb0c-0c04-11e2-9b44-00219b85c366	7	3654	http://www.savingcapitalism.com/	54	0	5
54cce442-3f4e-11e2-9ad7-00219b85c366	5cb9cb0c-0c04-11e2-9b44-00219b85c366	1	3657	http://www.natcapsolutions.org/	57	0	5
54ce30e0-3f4e-11e2-9ad7-00219b85c366	5cb9cb0c-0c04-11e2-9b44-00219b85c366	1	3667	http://www.conservapedia.com/Capitalism	67	0	5
54d7b516-3f4e-11e2-9ad7-00219b85c366	5cb9cb0c-0c04-11e2-9b44-00219b85c366	6	3671	http://www.americabeyondcapitalism.com/	71	0	5
54d92a36-3f4e-11e2-9ad7-00219b85c366	5cb9cb0c-0c04-11e2-9b44-00219b85c366	1	3672	http://dictionary.reference.com/browse/capitalism	72	0	5
54da6ce8-3f4e-11e2-9ad7-00219b85c366	5cb9cb0c-0c04-11e2-9b44-00219b85c366	6	3685	http://chrisyeh.blogspot.com/	85	0	5
54dbc93a-3f4e-11e2-9ad7-00219b85c366	5cb9cb0c-0c04-11e2-9b44-00219b85c366	9	3700	http://simple.wikipedia.org/wiki/Capitalism	100	0	6
54e88aa8-3f4e-11e2-9ad7-00219b85c366	5cb9c13e-0c04-11e2-9b44-00219b85c366	9	3701	http://en.wikipedia.org/wiki/Church_of_Kish	1	0	6
54ea35ec-3f4e-11e2-9ad7-00219b85c366	5cb9c13e-0c04-11e2-9b44-00219b85c366	5	3703	http://azer.com/aiweb/categories/magazine/84_folder/84_articles/84_kish.html	3	0	6
54ebeeb4-3f4e-11e2-9ad7-00219b85c366	5cb9c13e-0c04-11e2-9b44-00219b85c366	5	3709	http://azer.com/aiweb/categories/magazine/ai111_folder/111_articles/111_kish_church.html	9	0	6
54f6ae9e-3f4e-11e2-9ad7-00219b85c366	5cb9c1d4-0c04-11e2-9b44-00219b85c366	9	3802	http://en.wikipedia.org/wiki/City_Harvest_Church	2	0	7
54f8253a-3f4e-11e2-9ad7-00219b85c366	5cb9c1d4-0c04-11e2-9b44-00219b85c366	6	3822	http://chc.org.my/	22	0	7
54f9af7c-3f4e-11e2-9ad7-00219b85c366	5cb9c1d4-0c04-11e2-9b44-00219b85c366	6	3825	http://www.downtownharvest.org/	25	0	7
54faf986-3f4e-11e2-9ad7-00219b85c366	5cb9c1d4-0c04-11e2-9b44-00219b85c366	6	3843	http://www.churchangel.com/	43	0	7
54fc4f48-3f4e-11e2-9ad7-00219b85c366	5cb9bf86-0c04-11e2-9b44-00219b85c366	9	3901	http://en.wikipedia.org/wiki/Creationism	1	0	8
55075ba4-3f4e-11e2-9ad7-00219b85c366	5cb9bf86-0c04-11e2-9b44-00219b85c366	1	3903	http://www.creationismstrojanhorse.com/	3	0	8
5508e500-3f4e-11e2-9ad7-00219b85c366	5cb9bf86-0c04-11e2-9b44-00219b85c366	1	3905	http://www.conservapedia.com/Creationism	5	0	8
550a2f96-3f4e-11e2-9ad7-00219b85c366	5cb9bf86-0c04-11e2-9b44-00219b85c366	1	3912	http://creationwiki.org/Creationism	12	0	8
550ba5ec-3f4e-11e2-9ad7-00219b85c366	5cb9bf86-0c04-11e2-9b44-00219b85c366	1	3915	http://www.infidels.org/library/modern/science/creationism/	15	0	8
5516dd9a-3f4e-11e2-9ad7-00219b85c366	5cb9bf86-0c04-11e2-9b44-00219b85c366	1	3917	http://uncyclopedia.wikia.com/wiki/Creationism	17	0	8
5518a490-3f4e-11e2-9ad7-00219b85c366	5cb9bf86-0c04-11e2-9b44-00219b85c366	1	3922	http://serc.carleton.edu/introgeo/earthhistory/creationism/index.html	22	0	8
551a1dca-3f4e-11e2-9ad7-00219b85c366	5cb9bf86-0c04-11e2-9b44-00219b85c366	6	3923	http://pandasthumb.org/archives/idcreationism/creationism/	23	0	8
5524abdc-3f4e-11e2-9ad7-00219b85c366	5cb9bf86-0c04-11e2-9b44-00219b85c366	1	3934	http://www.skepdic.com/creation.html	34	0	8
552642d0-3f4e-11e2-9ad7-00219b85c366	5cb9bf86-0c04-11e2-9b44-00219b85c366	1	3943	http://www.religioustolerance.org/evolutio.htm	43	0	8
5527c6e6-3f4e-11e2-9ad7-00219b85c366	5cb9bf86-0c04-11e2-9b44-00219b85c366	6	3957	http://www.friesian.com/creation.htm	57	0	8
55295b1e-3f4e-11e2-9ad7-00219b85c366	5cb9bf86-0c04-11e2-9b44-00219b85c366	6	3967	http://www.cbsnews.com/stories/2004/11/22/opinion/polls/main657083.shtml	67	0	8
553438b8-3f4e-11e2-9ad7-00219b85c366	5cb9bf86-0c04-11e2-9b44-00219b85c366	1	3968	http://www.gotquestions.org/creationism-scientific.html	68	0	8
5535a522-3f4e-11e2-9ad7-00219b85c366	5cb9bf86-0c04-11e2-9b44-00219b85c366	1	3975	http://www.creationtheory.org/	75	0	8
5537035e-3f4e-11e2-9ad7-00219b85c366	5cb9bf86-0c04-11e2-9b44-00219b85c366	6	3986	http://www.aps.org/policy/statements/81_1.cfm	86	0	8
55385f7e-3f4e-11e2-9ad7-00219b85c366	5cb9bf86-0c04-11e2-9b44-00219b85c366	1	3994	http://www.plesiosaur.com/creationism/index.php	94	0	8
55436a7c-3f4e-11e2-9ad7-00219b85c366	5cb9c86e-0c04-11e2-9b44-00219b85c366	9	4001	http://en.wikipedia.org/wiki/Donky_kong	1	0	9
55450fb2-3f4e-11e2-9ad7-00219b85c366	5cb9c86e-0c04-11e2-9b44-00219b85c366	6	4004	http://commons.wikimedia.org/wiki/Category:Donkey_Kong	4	0	9
55468194-3f4e-11e2-9ad7-00219b85c366	5cb9c86e-0c04-11e2-9b44-00219b85c366	5	4017	http://strategywiki.org/wiki/Donkey_Kong	17	0	9
5547d850-3f4e-11e2-9ad7-00219b85c366	5cb9c86e-0c04-11e2-9b44-00219b85c366	6	4019	http://www.giantbomb.com/donkey-kong/94-299/	19	0	9
55546430-3f4e-11e2-9ad7-00219b85c366	5cb9bebe-0c04-11e2-9b44-00219b85c366	1	403	http://www.religioustolerance.org/falungong.htm	3	0	14
55560330-3f4e-11e2-9ad7-00219b85c366	5cb9c86e-0c04-11e2-9b44-00219b85c366	6	4092	http://www.smashbros.com/en_us/music/music15.html	92	0	9
555773f0-3f4e-11e2-9ad7-00219b85c366	5cb9bebe-0c04-11e2-9b44-00219b85c366	7	414	http://www.cesnur.org/2005/falun_gong.htm	14	0	14
5558b422-3f4e-11e2-9ad7-00219b85c366	5cb9bebe-0c04-11e2-9b44-00219b85c366	0	415	http://faluninfo.net/topic/22/	15	0	14
556228a4-3f4e-11e2-9ad7-00219b85c366	5cb9bebe-0c04-11e2-9b44-00219b85c366	7	417	http://dictionary.reference.com/browse/Falun+Gong	17	0	14
5563d08c-3f4e-11e2-9ad7-00219b85c366	5cb9c60c-0c04-11e2-9b44-00219b85c366	1	42	http://www.adherents.com/people/pa/Douglas_Adams.html	42	0	10
5565615e-3f4e-11e2-9ad7-00219b85c366	5cb9bebe-0c04-11e2-9b44-00219b85c366	1	420	http://www.religionfacts.com/a-z-religion-index/falun_gong.htm	20	0	14
5566ac6c-3f4e-11e2-9ad7-00219b85c366	5cb9bebe-0c04-11e2-9b44-00219b85c366	1	421	http://www.skepdic.com/falungong.html	21	0	14
5571b0b2-3f4e-11e2-9ad7-00219b85c366	5cb9bebe-0c04-11e2-9b44-00219b85c366	1	423	http://www.apologeticsindex.org/f02.html	23	0	14
557349f4-3f4e-11e2-9ad7-00219b85c366	5cb9c60c-0c04-11e2-9b44-00219b85c366	1	43	http://www.faqs.org/faqs/douglas-adams-FAQ/	43	0	10
5574a704-3f4e-11e2-9ad7-00219b85c366	5cb9bebe-0c04-11e2-9b44-00219b85c366	1	435	http://organharvestinvestigation.net/	35	0	14
5576066c-3f4e-11e2-9ad7-00219b85c366	5cb9bebe-0c04-11e2-9b44-00219b85c366	6	439	http://www.harpers.org/archive/1999/10/0060662	39	0	14
5580ccdc-3f4e-11e2-9ad7-00219b85c366	5cb9bebe-0c04-11e2-9b44-00219b85c366	1	453	http://falunhr.org/	53	0	14
558232d4-3f4e-11e2-9ad7-00219b85c366	5cb9bebe-0c04-11e2-9b44-00219b85c366	1	464	http://www.gluckman.com/FalunGong.html	64	0	14
558368a2-3f4e-11e2-9ad7-00219b85c366	5cb9bebe-0c04-11e2-9b44-00219b85c366	1	469	http://www.faluninfo.net/	69	0	14
5584d25a-3f4e-11e2-9ad7-00219b85c366	5cb9bebe-0c04-11e2-9b44-00219b85c366	1	472	http://website.leidenuniv.nl/~haarbjter/faluntext3.html	72	0	14
558fd646-3f4e-11e2-9ad7-00219b85c366	5cb9bebe-0c04-11e2-9b44-00219b85c366	7	492	http://www.facts.org.cn/	92	0	14
55917fbe-3f4e-11e2-9ad7-00219b85c366	5cb9bebe-0c04-11e2-9b44-00219b85c366	7	493	http://www.beliefnet.com/Faiths/Falun-Gong/index.aspx	93	0	14
5592f376-3f4e-11e2-9ad7-00219b85c366	5cb9c0ee-0c04-11e2-9b44-00219b85c366	9	501	http://en.wikipedia.org/wiki/George_Orwell	1	0	15
5594668e-3f4e-11e2-9ad7-00219b85c366	5cb9c0ee-0c04-11e2-9b44-00219b85c366	6	502	http://www.goodreads.com/author/show/3706.George_Orwell	2	0	15
559f40cc-3f4e-11e2-9ad7-00219b85c366	5cb9c0ee-0c04-11e2-9b44-00219b85c366	1	504	http://www.george-orwell.org/	4	0	15
55a0c17c-3f4e-11e2-9ad7-00219b85c366	5cb9c0ee-0c04-11e2-9b44-00219b85c366	6	505	http://orwelldiaries.wordpress.com/	5	0	15
55a25f46-3f4e-11e2-9ad7-00219b85c366	5cb9c0ee-0c04-11e2-9b44-00219b85c366	1	507	http://www.bbc.co.uk/history/historic_figures/orwell_george.shtml	7	0	15
55a3a4aa-3f4e-11e2-9ad7-00219b85c366	5cb9c0ee-0c04-11e2-9b44-00219b85c366	1	509	http://www.netcharles.com/orwell/	9	0	15
55ae8960-3f4e-11e2-9ad7-00219b85c366	5cb9c0ee-0c04-11e2-9b44-00219b85c366	1	510	http://www.k-1.com/Orwell/	10	0	15
55b02356-3f4e-11e2-9ad7-00219b85c366	5cb9c0ee-0c04-11e2-9b44-00219b85c366	6	514	http://en.wikiquote.org/wiki/George_Orwell	14	0	15
55b190ec-3f4e-11e2-9ad7-00219b85c366	5cb9c0ee-0c04-11e2-9b44-00219b85c366	1	516	http://www.online-literature.com/orwell/	16	0	15
55b3149e-3f4e-11e2-9ad7-00219b85c366	5cb9c0ee-0c04-11e2-9b44-00219b85c366	6	518	http://grammar.about.com/od/writersonwriting/a/OrwellRules.htm	18	0	15
55be6114-3f4e-11e2-9ad7-00219b85c366	5cb9c0ee-0c04-11e2-9b44-00219b85c366	0	526	http://www.pickthebrain.com/blog/george-orwells-5-rules-for-effective-writing/	26	0	15
55c01a90-3f4e-11e2-9ad7-00219b85c366	5cb9c0ee-0c04-11e2-9b44-00219b85c366	6	530	http://www.orwell.ru/library/essays/politics/english/e_polit	30	0	15
55c168fa-3f4e-11e2-9ad7-00219b85c366	5cb9c0ee-0c04-11e2-9b44-00219b85c366	6	534	http://www.bookrags.com/George_Orwell	34	0	15
55c2ac7e-3f4e-11e2-9ad7-00219b85c366	5cb9c0ee-0c04-11e2-9b44-00219b85c366	6	542	http://www.george-orwell.com/	42	0	15
55cd898c-3f4e-11e2-9ad7-00219b85c366	5cb9c0ee-0c04-11e2-9b44-00219b85c366	7	572	http://twitter.com/georgeorwell	72	0	15
55cf0d20-3f4e-11e2-9ad7-00219b85c366	5cb9c60c-0c04-11e2-9b44-00219b85c366	1	59	http://www.mythfolklore.net/calendars/adams/douglasadams.htm	59	0	10
55d090aa-3f4e-11e2-9ad7-00219b85c366	5cb9c0ee-0c04-11e2-9b44-00219b85c366	1	595	http://www.tentmaker.org/Quotes/george_orwell_quotes.html	95	0	15
55d2055c-3f4e-11e2-9ad7-00219b85c366	5cb9c60c-0c04-11e2-9b44-00219b85c366	7	6	http://commons.wikimedia.org/wiki/Category:Douglas_Adams	6	0	10
55dcf0c0-3f4e-11e2-9ad7-00219b85c366	5cb9c814-0c04-11e2-9b44-00219b85c366	9	601	http://en.wikipedia.org/wiki/Hanukkah	1	0	16
55de7cc4-3f4e-11e2-9ad7-00219b85c366	5cb9c814-0c04-11e2-9b44-00219b85c366	6	602	http://www.chabad.org/holidays/chanukah/default_cdo/jewish/Hanukkah.htm	2	0	16
55dfbca6-3f4e-11e2-9ad7-00219b85c366	5cb9c814-0c04-11e2-9b44-00219b85c366	6	603	http://www.jewfaq.org/holiday7.htm	3	0	16
55e111d2-3f4e-11e2-9ad7-00219b85c366	5cb9c814-0c04-11e2-9b44-00219b85c366	6	609	http://www.torah.org/learning/yomtov/chanukah/	9	0	16
55ec4c1e-3f4e-11e2-9ad7-00219b85c366	5cb9c814-0c04-11e2-9b44-00219b85c366	6	613	http://www.ohnuts.com/buy.cfm/hanukkah-gifts	13	0	16
55ede20e-3f4e-11e2-9ad7-00219b85c366	5cb9c814-0c04-11e2-9b44-00219b85c366	1	630	http://www.freekidscoloring.com/holiday/hanukkah/	30	0	16
55ef4090-3f4e-11e2-9ad7-00219b85c366	5cb9c814-0c04-11e2-9b44-00219b85c366	1	635	http://www.apples4theteacher.com/holidays/hanukkah/	35	0	16
55f08c2a-3f4e-11e2-9ad7-00219b85c366	5cb9c814-0c04-11e2-9b44-00219b85c366	6	638	http://www.edhelper.com/Hanukkah.htm	38	0	16
55fbca54-3f4e-11e2-9ad7-00219b85c366	5cb9c814-0c04-11e2-9b44-00219b85c366	1	646	http://www.bbc.co.uk/religion/religions/judaism/holydays/hanukkah.shtml	46	0	16
55fd6788-3f4e-11e2-9ad7-00219b85c366	5cb9c814-0c04-11e2-9b44-00219b85c366	6	648	http://www.primarygames.com/holidays/hanukkah/hanukkah.htm	48	0	16
55feaf08-3f4e-11e2-9ad7-00219b85c366	5cb9c814-0c04-11e2-9b44-00219b85c366	6	659	http://www.earthskids.com/hanukkah.htm	59	0	16
5609aa52-3f4e-11e2-9ad7-00219b85c366	5cb9c60c-0c04-11e2-9b44-00219b85c366	1	66	http://www.positiveatheism.org/hist/quotes/douglas.htm	66	0	10
560b3872-3f4e-11e2-9ad7-00219b85c366	5cb9c814-0c04-11e2-9b44-00219b85c366	6	663	http://www.parents.com/holiday/hanukkah/	63	0	16
560cbc7e-3f4e-11e2-9ad7-00219b85c366	5cb9c814-0c04-11e2-9b44-00219b85c366	6	673	http://allrecipes.com/HowTo/Hanukkah/Detail.aspx	73	0	16
560e0a0c-3f4e-11e2-9ad7-00219b85c366	5cb9c814-0c04-11e2-9b44-00219b85c366	7	685	http://www.purlbee.com/hanukkah-coasters/	85	0	16
5618e238-3f4e-11e2-9ad7-00219b85c366	5cb9c814-0c04-11e2-9b44-00219b85c366	6	694	http://www.bhg.com/holidays/hanukkah/crafts/	94	0	16
561a756c-3f4e-11e2-9ad7-00219b85c366	5cb9c60c-0c04-11e2-9b44-00219b85c366	6	7	http://www.goodreads.com/author/show/4.Douglas_Adams	7	0	10
561bece4-3f4e-11e2-9ad7-00219b85c366	5cb9c21a-0c04-11e2-9b44-00219b85c366	9	701	http://en.wikipedia.org/wiki/Holiest_sites_in_Islam	1	0	17
561d5836-3f4e-11e2-9ad7-00219b85c366	5cb9c21a-0c04-11e2-9b44-00219b85c366	6	702	http://www.religionfacts.com/islam/places.htm	2	0	17
56287c98-3f4e-11e2-9ad7-00219b85c366	5cb9c21a-0c04-11e2-9b44-00219b85c366	6	703	http://www.al-islam.org/ziyarat/saudi.htm	3	0	17
562a354c-3f4e-11e2-9ad7-00219b85c366	5cb9c21a-0c04-11e2-9b44-00219b85c366	6	707	http://www.religioustolerance.org/isl_intr1.htm	7	0	17
562bd49c-3f4e-11e2-9ad7-00219b85c366	5cb9c21a-0c04-11e2-9b44-00219b85c366	6	710	http://www.alislam.org/books/religiousknowledge/sec6.html	10	0	17
562d3fee-3f4e-11e2-9ad7-00219b85c366	5cb9c21a-0c04-11e2-9b44-00219b85c366	6	719	http://www.apologeticsindex.org/b86.html	19	0	17
56387e90-3f4e-11e2-9ad7-00219b85c366	5cb9c21a-0c04-11e2-9b44-00219b85c366	6	726	http://www.pbs.org/wnet/religionandethics/week540/cover.html	26	0	17
563a1552-3f4e-11e2-9ad7-00219b85c366	5cb9c21a-0c04-11e2-9b44-00219b85c366	6	728	http://www.jewfaq.org/glossary.htm	28	0	17
563bb7f4-3f4e-11e2-9ad7-00219b85c366	5cb9c21a-0c04-11e2-9b44-00219b85c366	6	739	http://atheism.about.com/library/FAQs/islam/blfaq_islam_holysites.htm	39	0	17
563d1acc-3f4e-11e2-9ad7-00219b85c366	5cb9c21a-0c04-11e2-9b44-00219b85c366	6	744	http://www.islamic-architecture.info/	44	0	17
5647efec-3f4e-11e2-9ad7-00219b85c366	5cb9c21a-0c04-11e2-9b44-00219b85c366	6	745	http://countrystudies.us/indonesia/37.htm	45	0	17
56499ce8-3f4e-11e2-9ad7-00219b85c366	5cb9c21a-0c04-11e2-9b44-00219b85c366	6	763	http://www.cbc.ca/news/background/islam/hajj.html	63	0	17
564b1776-3f4e-11e2-9ad7-00219b85c366	5cb9c21a-0c04-11e2-9b44-00219b85c366	6	778	http://www.religionfacts.com/islam/places/mecca.htm	78	0	17
56575964-3f4e-11e2-9ad7-00219b85c366	5cb9bdba-0c04-11e2-9b44-00219b85c366	9	801	http://en.wikipedia.org/wiki/Homeopathy	1	0	18
5658ddac-3f4e-11e2-9ad7-00219b85c366	5cb9bdba-0c04-11e2-9b44-00219b85c366	1	802	http://nccam.nih.gov/health/homeopathy/	2	0	18
565a766c-3f4e-11e2-9ad7-00219b85c366	5cb9bdba-0c04-11e2-9b44-00219b85c366	1	803	http://www.umm.edu/altmed/articles/homeopathy-000352.htm	3	0	18
565bb02c-3f4e-11e2-9ad7-00219b85c366	5cb9bdba-0c04-11e2-9b44-00219b85c366	1	804	http://www.homeopathy.org/	4	0	18
5664eb6a-3f4e-11e2-9ad7-00219b85c366	5cb9bdba-0c04-11e2-9b44-00219b85c366	7	805	http://www.homeopathy.com/	5	0	18
56666aa8-3f4e-11e2-9ad7-00219b85c366	5cb9bdba-0c04-11e2-9b44-00219b85c366	6	807	http://www.homeopathy-soh.org/	7	0	18
5667a7c4-3f4e-11e2-9ad7-00219b85c366	5cb9bdba-0c04-11e2-9b44-00219b85c366	6	810	http://www.homeopathyoz.org/	10	0	18
5668de0a-3f4e-11e2-9ad7-00219b85c366	5cb9bdba-0c04-11e2-9b44-00219b85c366	1	812	http://www.amcofh.org/	12	0	18
566a1c20-3f4e-11e2-9ad7-00219b85c366	5cb9bdba-0c04-11e2-9b44-00219b85c366	6	813	http://www.homeopathy.ca/	13	0	18
5676e2d4-3f4e-11e2-9ad7-00219b85c366	5cb9bdba-0c04-11e2-9b44-00219b85c366	1	815	http://homeopathyusa.org/	15	0	18
56786190-3f4e-11e2-9ad7-00219b85c366	5cb9bdba-0c04-11e2-9b44-00219b85c366	6	818	http://www.lahomeopathicschool.com/	18	0	18
5679aec4-3f4e-11e2-9ad7-00219b85c366	5cb9bdba-0c04-11e2-9b44-00219b85c366	0	819	http://www.homeopathyschool.org/	19	0	18
567b5166-3f4e-11e2-9ad7-00219b85c366	5cb9bdba-0c04-11e2-9b44-00219b85c366	1	820	http://www.trusthomeopathy.org/what_you_can_do/homeopathy_awareness_week.html	20	0	18
5686488c-3f4e-11e2-9ad7-00219b85c366	5cb9bdba-0c04-11e2-9b44-00219b85c366	6	821	http://www.seattleschoolofhomeopathy.com/	21	0	18
5687c338-3f4e-11e2-9ad7-00219b85c366	5cb9bdba-0c04-11e2-9b44-00219b85c366	7	822	http://www.homeopathy-cures.com/	22	0	18
56894ea6-3f4e-11e2-9ad7-00219b85c366	5cb9bdba-0c04-11e2-9b44-00219b85c366	1	826	http://www.noah-health.org/en/alternative/healing/homeopathy.html	26	0	18
568aaf76-3f4e-11e2-9ad7-00219b85c366	5cb9bdba-0c04-11e2-9b44-00219b85c366	6	827	http://dictionary.reference.com/browse/homeopathy	27	0	18
56959a4e-3f4e-11e2-9ad7-00219b85c366	5cb9c60c-0c04-11e2-9b44-00219b85c366	6	83	http://www.halexandria.org/dward406.htm	83	0	10
56974c40-3f4e-11e2-9ad7-00219b85c366	5cb9bdba-0c04-11e2-9b44-00219b85c366	1	837	http://www.quackwatch.org/01QuackeryRelatedTopics/homeo.html	37	0	18
569883da-3f4e-11e2-9ad7-00219b85c366	5cb9bdba-0c04-11e2-9b44-00219b85c366	6	838	http://www.similima.com/	38	0	18
5699d078-3f4e-11e2-9ad7-00219b85c366	5cb9bdba-0c04-11e2-9b44-00219b85c366	6	840	http://www.1-800homeopathy.com/	40	0	18
56a3535a-3f4e-11e2-9ad7-00219b85c366	5cb9bdba-0c04-11e2-9b44-00219b85c366	1	842	http://whatstheharm.net/homeopathy.html	42	0	18
56a4d400-3f4e-11e2-9ad7-00219b85c366	5cb9bdba-0c04-11e2-9b44-00219b85c366	1	843	http://www.facultyofhomeopathy.org/	43	0	18
56a630ca-3f4e-11e2-9ad7-00219b85c366	5cb9bdba-0c04-11e2-9b44-00219b85c366	1	844	http://www.alternativevet.org/homeopathy.htm	44	0	18
56a79a82-3f4e-11e2-9ad7-00219b85c366	5cb9bdba-0c04-11e2-9b44-00219b85c366	1	846	http://bastyrcenter.org/content/category/4/147/161/	46	0	18
56b40042-3f4e-11e2-9ad7-00219b85c366	5cb9bdba-0c04-11e2-9b44-00219b85c366	6	851	http://www.homeopathy.co.nz/	51	0	18
56b577f6-3f4e-11e2-9ad7-00219b85c366	5cb9bdba-0c04-11e2-9b44-00219b85c366	1	853	http://www.homeopathy-ecch.org/	53	0	18
56b6c796-3f4e-11e2-9ad7-00219b85c366	5cb9bdba-0c04-11e2-9b44-00219b85c366	1	854	http://www.homeopathyforwomen.org/	54	0	18
56b81b8c-3f4e-11e2-9ad7-00219b85c366	5cb9bdba-0c04-11e2-9b44-00219b85c366	1	859	http://www.lsbu.ac.uk/water/homeop.html	59	0	18
56c36064-3f4e-11e2-9ad7-00219b85c366	5cb9bdba-0c04-11e2-9b44-00219b85c366	1	863	http://www.doctorofhomeopathy.com/how-does-homeopathy-work/	63	0	18
56c4e1e6-3f4e-11e2-9ad7-00219b85c366	5cb9bdba-0c04-11e2-9b44-00219b85c366	6	865	http://www.homeopathyovernight.com/	65	0	18
56c63ff0-3f4e-11e2-9ad7-00219b85c366	5cb9bdba-0c04-11e2-9b44-00219b85c366	6	869	http://college-of-practical-homeopathy.com/	69	0	18
56c77fdc-3f4e-11e2-9ad7-00219b85c366	5cb9bdba-0c04-11e2-9b44-00219b85c366	1	870	http://www.homeopathysnc.org/	70	0	18
56d26a46-3f4e-11e2-9ad7-00219b85c366	5cb9bdba-0c04-11e2-9b44-00219b85c366	6	873	http://www.homeopathyschool.com/	73	0	18
56d3f3ca-3f4e-11e2-9ad7-00219b85c366	5cb9bdba-0c04-11e2-9b44-00219b85c366	6	874	http://store.alislam.org/homeopathy.html	74	0	18
56d535d2-3f4e-11e2-9ad7-00219b85c366	5cb9bdba-0c04-11e2-9b44-00219b85c366	1	878	http://www.homeopathy.edu/	78	0	18
56d67a46-3f4e-11e2-9ad7-00219b85c366	5cb9bdba-0c04-11e2-9b44-00219b85c366	1	879	http://www.nyhomeopathy.com/	79	0	18
56e4b6ec-3f4e-11e2-9ad7-00219b85c366	5cb9bdba-0c04-11e2-9b44-00219b85c366	1	880	http://www.bbc.co.uk/science/horizon/2002/homeopathy.shtml	80	0	18
56e631ac-3f4e-11e2-9ad7-00219b85c366	5cb9bdba-0c04-11e2-9b44-00219b85c366	1	882	http://www.homeopathyandmore.com/	82	0	18
56e781ce-3f4e-11e2-9ad7-00219b85c366	5cb9bdba-0c04-11e2-9b44-00219b85c366	6	883	http://www.homeopathycollege.com/	83	0	18
56e8c8c2-3f4e-11e2-9ad7-00219b85c366	5cb9bdba-0c04-11e2-9b44-00219b85c366	1	885	http://www.classicalhomeopathy.com/	85	0	18
56f0f3da-3f4e-11e2-9ad7-00219b85c366	5cb9bdba-0c04-11e2-9b44-00219b85c366	6	889	http://www.coliccalm.com/baby_infant_newborn_articles/homeopathy.html	89	0	18
56f250ea-3f4e-11e2-9ad7-00219b85c366	5cb9bdba-0c04-11e2-9b44-00219b85c366	1	890	http://en.citizendium.org/wiki/Homeopathy	90	0	18
56f38db6-3f4e-11e2-9ad7-00219b85c366	5cb9bdba-0c04-11e2-9b44-00219b85c366	1	893	http://skepdic.com/homeo.html	93	0	18
56f4cc6c-3f4e-11e2-9ad7-00219b85c366	5cb9bdba-0c04-11e2-9b44-00219b85c366	6	894	http://a2zhomeopathy.com/	94	0	18
56fe62ea-3f4e-11e2-9ad7-00219b85c366	5cb9bdba-0c04-11e2-9b44-00219b85c366	1	899	http://www.chesapeakehomeopathy.com/	99	0	18
56ffc6c6-3f4e-11e2-9ad7-00219b85c366	5cb9c94a-0c04-11e2-9b44-00219b85c366	9	901	http://en.wikipedia.org/wiki/Hong_Kong	1	0	19
57010c98-3f4e-11e2-9ad7-00219b85c366	5cb9c94a-0c04-11e2-9b44-00219b85c366	6	903	http://wikitravel.org/en/Hong_Kong	3	0	19
570266d8-3f4e-11e2-9ad7-00219b85c366	5cb9c94a-0c04-11e2-9b44-00219b85c366	9	905	http://en.wikipedia.org/wiki/Hong_Kong_Airport	5	0	19
570f12a2-3f4e-11e2-9ad7-00219b85c366	5cb9c94a-0c04-11e2-9b44-00219b85c366	7	907	http://www.hongkongairport.com/eng/index.html	7	0	19
57109d70-3f4e-11e2-9ad7-00219b85c366	5cb9c94a-0c04-11e2-9b44-00219b85c366	1	908	http://www.lonelyplanet.com/china/hong-kong	8	0	19
571202fa-3f4e-11e2-9ad7-00219b85c366	5cb9c94a-0c04-11e2-9b44-00219b85c366	9	909	http://simple.wikipedia.org/wiki/Hong_Kong	9	0	19
57133fbc-3f4e-11e2-9ad7-00219b85c366	5cb9c94a-0c04-11e2-9b44-00219b85c366	1	910	http://hongkongboston.com/	10	0	19
571e398a-3f4e-11e2-9ad7-00219b85c366	5cb9c94a-0c04-11e2-9b44-00219b85c366	1	913	http://www.agoda.com/asia/hong_kong/hong_kong.html	13	0	19
571fbb66-3f4e-11e2-9ad7-00219b85c366	5cb9c94a-0c04-11e2-9b44-00219b85c366	1	920	http://www.conservapedia.com/Hong_Kong	20	0	19
572120c8-3f4e-11e2-9ad7-00219b85c366	5cb9c94a-0c04-11e2-9b44-00219b85c366	6	924	http://www.hko.gov.hk/contente.htm	24	0	19
57227c02-3f4e-11e2-9ad7-00219b85c366	5cb9c94a-0c04-11e2-9b44-00219b85c366	6	926	http://app3.hongkongpost.com/CGI/mt/enquiry.jsp	26	0	19
572ecc64-3f4e-11e2-9ad7-00219b85c366	5cb9c94a-0c04-11e2-9b44-00219b85c366	6	928	http://www.cityu.edu.hk/	28	0	19
57304030-3f4e-11e2-9ad7-00219b85c366	5cb9c94a-0c04-11e2-9b44-00219b85c366	6	929	http://www.hongkongartfair.com/	29	0	19
5731fad8-3f4e-11e2-9ad7-00219b85c366	5cb9c94a-0c04-11e2-9b44-00219b85c366	1	932	http://www.time.com/time/travel/cityguide/article/0,31489,1850110,00.html	32	0	19
573339f2-3f4e-11e2-9ad7-00219b85c366	5cb9c94a-0c04-11e2-9b44-00219b85c366	6	937	http://www.charliehongkong.com/	37	0	19
573c7c6a-3f4e-11e2-9ad7-00219b85c366	5cb9c94a-0c04-11e2-9b44-00219b85c366	1	963	http://www.hongkongwardiary.com/	63	0	19
573dfe3c-3f4e-11e2-9ad7-00219b85c366	5cb9c94a-0c04-11e2-9b44-00219b85c366	6	976	http://hongkongphooey.wordpress.com/	76	0	19
573f660a-3f4e-11e2-9ad7-00219b85c366	5cb9c94a-0c04-11e2-9b44-00219b85c366	1	987	http://www.hotel-hong-kong.com/	87	0	19
57410e38-3f4e-11e2-9ad7-00219b85c366	5cb9c94a-0c04-11e2-9b44-00219b85c366	6	989	http://www.epoquehotels.com/city.php/city/137/boutique-hotels-in/hong-kong/lang/en	89	0	19
574bef92-3f4e-11e2-9ad7-00219b85c366	5cb9c94a-0c04-11e2-9b44-00219b85c366	1	990	http://uncyclopedia.wikia.com/wiki/Hong_Kong	90	0	19
574d61a6-3f4e-11e2-9ad7-00219b85c366	5cb9c94a-0c04-11e2-9b44-00219b85c366	7	998	http://www.hongkong-fotos.de/	98	0	19
8bec0196-b445-11e2-ac85-00219b85c366	983d585f-b441-11e2-ac85-00219b85c366	20	00851-28	http://www.nationalgeographic.com/marchofthepenguins/game/	28	0	851
8bf1410c-b445-11e2-ac85-00219b85c366	983d585f-b441-11e2-ac85-00219b85c366	20	00851-66	http://whatever.scalzi.com/2006/01/	66	0	851
8bf3f77b-b445-11e2-ac85-00219b85c366	9842b853-b441-11e2-ac85-00219b85c366	29	00855-17	http://en.wikipedia.org/wiki/History_of_the_United_States_Congress	17	0	855
8bf42df7-b445-11e2-ac85-00219b85c366	9847cf3a-b441-11e2-ac85-00219b85c366	20	00856-3	http://www.apple.com/mac/	3	0	856
8bf437fc-b445-11e2-ac85-00219b85c366	9847cf3a-b441-11e2-ac85-00219b85c366	20	00856-60	http://www.askdavetaylor.com/cat_mac_os_x_help.html	60	0	856
8bf44155-b445-11e2-ac85-00219b85c366	984cebe5-b441-11e2-ac85-00219b85c366	20	00859-1	http://www.procon.org/	1	0	859
8bf44abd-b445-11e2-ac85-00219b85c366	984cebe5-b441-11e2-ac85-00219b85c366	20	00859-4	http://www.cnn.com/video/	4	0	859
8bf4e418-b445-11e2-ac85-00219b85c366	984cebe5-b441-11e2-ac85-00219b85c366	20	00859-14	http://www.globalissues.org/issue/67/nuclear-weapons	14	0	859
8bf4ef4d-b445-11e2-ac85-00219b85c366	984cebe5-b441-11e2-ac85-00219b85c366	29	00859-18	http://en.wikipedia.org/wiki/Nuclear_power_debate	18	0	859
8bf5fccd-b445-11e2-ac85-00219b85c366	9850bdd4-b441-11e2-ac85-00219b85c366	20	00861-3	http://www.mardigras.org.au/	3	0	861
8bf66a73-b445-11e2-ac85-00219b85c366	9854937f-b441-11e2-ac85-00219b85c366	20	00862-3	http://www.blackberry.com/	3	0	862
8bf71282-b445-11e2-ac85-00219b85c366	9854937f-b441-11e2-ac85-00219b85c366	20	00862-15	http://www.mobiledia.com/phones/compare/	15	0	862
8bf71dcc-b445-11e2-ac85-00219b85c366	985869c3-b441-11e2-ac85-00219b85c366	20	00863-4	http://www.manuelsweb.com/netflix.htm	4	0	863
8bf729b0-b445-11e2-ac85-00219b85c366	985869c3-b441-11e2-ac85-00219b85c366	20	00863-7	http://dvd-rental-review.toptenreviews.com/netflix-review.html	7	0	863
8bf79711-b445-11e2-ac85-00219b85c366	985c3cac-b441-11e2-ac85-00219b85c366	20	00873-15	http://online.wsj.com/public/page/news-opinion-commentary.html	15	0	873
8bf9b51d-b445-11e2-ac85-00219b85c366	98601296-b441-11e2-ac85-00219b85c366	20	00875-1	http://www.americanidol.com/	1	0	875
8bf9c221-b445-11e2-ac85-00219b85c366	98601296-b441-11e2-ac85-00219b85c366	20	00875-4	http://www.americanidol.com/videos/	4	0	875
8bf9cf0a-b445-11e2-ac85-00219b85c366	98601296-b441-11e2-ac85-00219b85c366	20	00875-5	http://www.americanidol.com/about/	5	0	875
8bf9dba3-b445-11e2-ac85-00219b85c366	98601296-b441-11e2-ac85-00219b85c366	20	00875-10	http://www.fox.com/	10	0	875
8bf9e6c2-b445-11e2-ac85-00219b85c366	98601296-b441-11e2-ac85-00219b85c366	29	00875-18	http://en.wikipedia.org/wiki/American_Idol	18	0	875
8bf9f0db-b445-11e2-ac85-00219b85c366	9863e5cd-b441-11e2-ac85-00219b85c366	20	00879-1	http://www.hybridcars.com/	1	0	879
8bfaa2fc-b445-11e2-ac85-00219b85c366	9863e5cd-b441-11e2-ac85-00219b85c366	20	00879-7	http://www.consumersearch.com/hybrid-cars	7	0	879
8bfaada7-b445-11e2-ac85-00219b85c366	9863e5cd-b441-11e2-ac85-00219b85c366	20	00879-10	http://www.cadillac.com/	10	0	879
8bfab90f-b445-11e2-ac85-00219b85c366	9863e5cd-b441-11e2-ac85-00219b85c366	20	00879-32	http://www.hybridcars.com/cars.html	32	0	879
8bfac37c-b445-11e2-ac85-00219b85c366	9863e5cd-b441-11e2-ac85-00219b85c366	20	00879-34	http://usnews.rankingsandreviews.com/cars-trucks/daily-news/page1/	34	0	879
8bfacd9f-b445-11e2-ac85-00219b85c366	9863e5cd-b441-11e2-ac85-00219b85c366	29	00879-57	http://en.wikipedia.org/wiki/Toyota_Prius	57	0	879
8bfad7fd-b445-11e2-ac85-00219b85c366	9863e5cd-b441-11e2-ac85-00219b85c366	20	00879-91	http://www.motorauthority.com/toyota-unveils-2010-prius-hybrid.html	91	0	879
8bfae213-b445-11e2-ac85-00219b85c366	9863e5cd-b441-11e2-ac85-00219b85c366	20	00879-98	http://www.bloglines.com/topblogs	98	0	879
8bfaec26-b445-11e2-ac85-00219b85c366	9863e5cd-b441-11e2-ac85-00219b85c366	20	00879-99	http://www.cnn.com/2008/TECH/science/12/03/future.car.2/index.html	99	0	879
8bfaf655-b445-11e2-ac85-00219b85c366	98733b33-b441-11e2-ac85-00219b85c366	20	00893-21	http://www.drugs.com/zyrtec.html	21	0	893
8bfc61b1-b445-11e2-ac85-00219b85c366	98733b33-b441-11e2-ac85-00219b85c366	20	00893-29	http://www.healthcentral.com/allergy/zyrtec-facts.html	29	0	893
8bfc6b74-b445-11e2-ac85-00219b85c366	98733b33-b441-11e2-ac85-00219b85c366	20	00893-36	http://www.keepkidshealthy.com/welcome/treatmentguides/allergy.html	36	0	893
8bfc7551-b445-11e2-ac85-00219b85c366	98733b33-b441-11e2-ac85-00219b85c366	20	00893-43	http://bastyrcenter.org/content/view/318/	43	0	893
8bfc7eec-b445-11e2-ac85-00219b85c366	98770dde-b441-11e2-ac85-00219b85c366	29	00895-12	http://en.wikipedia.org/wiki/Oprah_Winfrey	12	0	895
8bfc887a-b445-11e2-ac85-00219b85c366	98770dde-b441-11e2-ac85-00219b85c366	29	00895-14	http://en.wikipedia.org/wiki/Oprah	14	0	895
8bfc91e5-b445-11e2-ac85-00219b85c366	98770dde-b441-11e2-ac85-00219b85c366	20	00895-15	http://talkshows.about.com/od/oprahwinfrey/gr/OprahShow.htm	15	0	895
8bfc9b7a-b445-11e2-ac85-00219b85c366	987eba47-b441-11e2-ac85-00219b85c366	20	00899-12	http://www.templeofthai.com/cooking/coconut_and_cholesterol.php	12	0	899
8bfca56b-b445-11e2-ac85-00219b85c366	987eba47-b441-11e2-ac85-00219b85c366	20	00899-14	http://www.medicinenet.com/cholesterol/article.htm	14	0	899
8bfcaed1-b445-11e2-ac85-00219b85c366	987eba47-b441-11e2-ac85-00219b85c366	20	00899-22	http://www.businessweek.com/magazine/content/08_04/b4068052092994.htm	22	0	899
8bfcb832-b445-11e2-ac85-00219b85c366	98828d22-b441-11e2-ac85-00219b85c366	20	00900-11	http://www.bantransfats.com/mcdonalds.html	11	0	900
8bfcc1a3-b445-11e2-ac85-00219b85c366	988a378a-b441-11e2-ac85-00219b85c366	20	00902-7	http://www.medicinenet.com/lactose_intolerance/article.htm	7	0	902
8bfccb14-b445-11e2-ac85-00219b85c366	988a378a-b441-11e2-ac85-00219b85c366	20	00902-14	http://health.nytimes.com/health/guides/disease/lactose-intolerance/overview.html	14	0	902
8bfcd4e1-b445-11e2-ac85-00219b85c366	988e0cbb-b441-11e2-ac85-00219b85c366	29	00906-32	http://en.wikipedia.org/wiki/World_Economic_Forum	32	0	906
8bfcdf09-b445-11e2-ac85-00219b85c366	9891e285-b441-11e2-ac85-00219b85c366	20	00907-10	http://www.mattcutts.com/blog/wsj-on-seo-contests/	10	0	907
8bfce8e4-b445-11e2-ac85-00219b85c366	9891e285-b441-11e2-ac85-00219b85c366	20	00907-16	http://rickmahn.blogspot.com/	16	0	907
8bfcf24f-b445-11e2-ac85-00219b85c366	9895b572-b441-11e2-ac85-00219b85c366	29	00909-12	http://en.wikipedia.org/wiki/Barilla_Group	12	0	909
8bfcfd33-b445-11e2-ac85-00219b85c366	98a134b8-b441-11e2-ac85-00219b85c366	29	00915-17	http://en.wikipedia.org/wiki/Allianz_Group	17	0	915
8bfed1e1-b445-11e2-ac85-00219b85c366	98a134b8-b441-11e2-ac85-00219b85c366	20	00915-19	http://www.allianzworldwidecare.com/	19	0	915
8bfedc3b-b445-11e2-ac85-00219b85c366	98a50ab6-b441-11e2-ac85-00219b85c366	20	00916-4	http://www.indeed.com/	4	0	916
8c003f87-b445-11e2-ac85-00219b85c366	98a50ab6-b441-11e2-ac85-00219b85c366	20	00916-6	http://www.monster.com/	6	0	916
8c0049c9-b445-11e2-ac85-00219b85c366	98a50ab6-b441-11e2-ac85-00219b85c366	20	00916-9	http://www.job.com/	9	0	916
8c00546d-b445-11e2-ac85-00219b85c366	98a8dedb-b441-11e2-ac85-00219b85c366	20	00922-82	http://www.koam.com/haven/howard_interv.html	82	0	922
8c005ee2-b445-11e2-ac85-00219b85c366	98b087d9-b441-11e2-ac85-00219b85c366	20	00927-12	http://fashion.about.com/od/celebawardsshows/ig/Memorable-Oscar-Dresses/76thAcademy_A865.htm	12	0	927
8c0068f0-b445-11e2-ac85-00219b85c366	98b45e7a-b441-11e2-ac85-00219b85c366	20	00928-2	http://www.hbo.com/	2	0	928
8c007361-b445-11e2-ac85-00219b85c366	98b45e7a-b441-11e2-ac85-00219b85c366	20	00928-12	http://www.imdb.com/title/tt0421030/	12	0	928
8c007d59-b445-11e2-ac85-00219b85c366	98b45e7a-b441-11e2-ac85-00219b85c366	29	00928-13	http://en.wikipedia.org/wiki/List_of_Big_Love_episodes	13	0	928
8c008797-b445-11e2-ac85-00219b85c366	98b83331-b441-11e2-ac85-00219b85c366	20	00930-1	http://www.ikea.com/	1	0	930
8c0091f5-b445-11e2-ac85-00219b85c366	98b83331-b441-11e2-ac85-00219b85c366	29	00930-18	http://en.wikipedia.org/wiki/IKEA	18	0	930
8c009c38-b445-11e2-ac85-00219b85c366	98bc0665-b441-11e2-ac85-00219b85c366	20	00932-3	http://news.cnet.com/Has-Google-actually-read-U.S.-v.-Microsoft/2010-1014_3-6208945.html	3	0	932
8c00a64c-b445-11e2-ac85-00219b85c366	98bc0665-b441-11e2-ac85-00219b85c366	20	00932-6	http://www.dailytech.com/Googles+Phone+Project+Aims+at+Microsoft+/article9192.htm	6	0	932
8c00b09f-b445-11e2-ac85-00219b85c366	98cf2e98-b441-11e2-ac85-00219b85c366	20	00945-1	http://topics.nytimes.com/top/news/international/countriesandterritories/bolivia/index.html	1	0	945
8c00bab3-b445-11e2-ac85-00219b85c366	98cf2e98-b441-11e2-ac85-00219b85c366	20	00945-6	http://www.tripadvisor.com/ShowForum-g294071-i4810-Bolivia.html	6	0	945
8c00c532-b445-11e2-ac85-00219b85c366	98cf2e98-b441-11e2-ac85-00219b85c366	20	00945-11	http://www.infoplease.com/ipa/A0107345.html	11	0	945
8c00cf38-b445-11e2-ac85-00219b85c366	98cf2e98-b441-11e2-ac85-00219b85c366	20	00945-39	http://www.pbs.org/frontlineworld/rough/2006/05/bolivia_on_the.html	39	0	945
8c00da02-b445-11e2-ac85-00219b85c366	98cf2e98-b441-11e2-ac85-00219b85c366	20	00945-77	http://www.inmotionmagazine.com/feed1.html	77	0	945
8c00e425-b445-11e2-ac85-00219b85c366	98d304c6-b441-11e2-ac85-00219b85c366	20	00949-9	http://www.ontheissues.org/Senate/Ford_Bell.htm	9	0	949
8c00ee2a-b445-11e2-ac85-00219b85c366	98d304c6-b441-11e2-ac85-00219b85c366	29	00949-13	http://en.wikipedia.org/wiki/Minnesota_United_States_Senate_election,_2006	13	0	949
8c00f83d-b445-11e2-ac85-00219b85c366	98d304c6-b441-11e2-ac85-00219b85c366	29	00949-19	http://en.wikipedia.org/wiki/United_States_presidential_election,_1860	19	0	949
8c01026b-b445-11e2-ac85-00219b85c366	98d304c6-b441-11e2-ac85-00219b85c366	20	00949-20	http://www.issues2000.org/states/MN_Education.htm	20	0	949
8c010c9b-b445-11e2-ac85-00219b85c366	98de83f6-b441-11e2-ac85-00219b85c366	20	01003-2	http://www.jiffylube.com/autoservices/automotiveservices.aspx	2	0	1003
8c011698-b445-11e2-ac85-00219b85c366	98de83f6-b441-11e2-ac85-00219b85c366	20	01003-3	http://www.jiffylube.com/	3	0	1003
8c01209e-b445-11e2-ac85-00219b85c366	98de83f6-b441-11e2-ac85-00219b85c366	20	01003-20	http://www.jiffylube.com/about/contact.aspx	20	0	1003
8c012b97-b445-11e2-ac85-00219b85c366	98e25711-b441-11e2-ac85-00219b85c366	20	01006-21	http://politics.nytimes.com/election-guide/2008/results/superdelegates/index.html	21	0	1006
8c01368a-b445-11e2-ac85-00219b85c366	98e62e1f-b441-11e2-ac85-00219b85c366	20	01010-1	http://picasa.google.com/	1	0	1010
8c014102-b445-11e2-ac85-00219b85c366	98e62e1f-b441-11e2-ac85-00219b85c366	20	01010-11	http://graphicssoft.about.com/cs/imagemanagement/gr/picasa.htm	11	0	1010
8c014b7d-b445-11e2-ac85-00219b85c366	98ea006a-b441-11e2-ac85-00219b85c366	20	01014-1	http://www.fueleconomy.gov/feg/tax_hybrid.shtml	1	0	1014
8c015633-b445-11e2-ac85-00219b85c366	98ea006a-b441-11e2-ac85-00219b85c366	20	01014-12	http://www.fueleconomy.gov/feg/taxcenter.shtml	12	0	1014
8c035311-b445-11e2-ac85-00219b85c366	98f2f20c-b441-11e2-ac85-00219b85c366	29	01022-15	http://en.wikipedia.org/wiki/Subway_(restaurant)	15	0	1022
8c035cfe-b445-11e2-ac85-00219b85c366	98fe9d56-b441-11e2-ac85-00219b85c366	20	01031-1	http://sewing.org/	1	0	1031
8c03668d-b445-11e2-ac85-00219b85c366	9903b6d8-b441-11e2-ac85-00219b85c366	29	01034-28	http://en.wikipedia.org/wiki/Baroness_Rendell	28	0	1034
8c036ffd-b445-11e2-ac85-00219b85c366	9908d1c6-b441-11e2-ac85-00219b85c366	20	01035-1	http://www.mayoclinic.com/	1	0	1035
8c03794d-b445-11e2-ac85-00219b85c366	9908d1c6-b441-11e2-ac85-00219b85c366	20	01035-8	http://www.mayoclinic.com/health/DiseasesIndex/DiseasesIndex	8	0	1035
8c03829a-b445-11e2-ac85-00219b85c366	9908d1c6-b441-11e2-ac85-00219b85c366	29	01035-11	http://en.wikipedia.org/wiki/Mayo_Health_System	11	0	1035
8c038c04-b445-11e2-ac85-00219b85c366	99130522-b441-11e2-ac85-00219b85c366	20	01040-16	http://reviews.cnet.com/best-gps/	16	0	1040
8c0395d8-b445-11e2-ac85-00219b85c366	99130522-b441-11e2-ac85-00219b85c366	20	01040-49	http://gpslodge.com/	49	0	1040
8c039f9d-b445-11e2-ac85-00219b85c366	99130522-b441-11e2-ac85-00219b85c366	20	01040-51	http://www.gpsreview.net/tomtom-one/	51	0	1040
8c03a9e6-b445-11e2-ac85-00219b85c366	991820cf-b441-11e2-ac85-00219b85c366	20	01045-1	http://www.imdb.com/title/tt0433309/	1	0	1045
8c03b42c-b445-11e2-ac85-00219b85c366	991820cf-b441-11e2-ac85-00219b85c366	29	01045-14	http://en.wikipedia.org/wiki/Don_Eppes	14	0	1045
8c05d7e4-b445-11e2-ac85-00219b85c366	991d3914-b441-11e2-ac85-00219b85c366	20	01047-1	http://www.traderjoes.com/	1	0	1047
